Workbook

Sheet Unidades Vendidas (SEMESTRE)
A1: PRODUCTO | B1: UNIDADES | C1: PESO UNITARIO (GRAMOS) | D1: GRAMOS | E1: KILOS | F1: TONELADAS
A2: SOBRETAPA SAVILOE 33M | B2: 752372 | C2: 5.7 | D2: =+B2*C2 -> 4288520.4 | E2: =+D2/1000 -> 4288.5204 | F2: =+E2/1000 -> 4.2885204 | G2: =+INT((B2/(6)/(31))) -> 4045
A3: MAQUILA ENV 1700 TRANSP CAPRI GEN.NUEVO 41 GR SM | B3: 622168 | C3: 43 | D3: =+B3*C3 -> 26753224 | E3: =+D3/1000 -> 26753.224 | F3: =+E3/1000 -> 26.753224 | G3: =+INT((B3/(6)/(31))) -> 3344
A4: MAQUILA ENV 400 CRISTAL 19 GR S.M. PET CAPRI | B4: 430329 | C4: 19 | D4: =+B4*C4 -> 8176251 | E4: =+D4/1000 -> 8176.251 | F4: =+E4/1000 -> 8.176251 | G4: =+INT((B4/(6)/(31))) -> 2313
A5: SOBRETAPA VV VERDE SF QUALA | B5: 379322 | C5: 6.2 | D5: =+B5*C5 -> 2351796.4 | E5: =+D5/1000 -> 2351.7964 | F5: =+E5/1000 -> 2.3517964 | G5: =+INT((B5/(6)/(31))) -> 2039
A6: MAQUILA ENV 400 CRISTAL 17 GR S.M. PET CAPRI | B6: 333531 | C6: 19 | D6: =+B6*C6 -> 6337089 | E6: =+D6/1000 -> 6337.089 | F6: =+E6/1000 -> 6.337089 | G6: =+INT((B6/(6)/(31))) -> 1793
A7: MAQUILA ENV 1000 PET CAPRI NUEVO 31 GR TRANSP SM | B7: 200801 | C7: 34 | D7: =+B7*C7 -> 6827234 | E7: =+D7/1000 -> 6827.234 | F7: =+E7/1000 -> 6.827234 | G7: =+INT((B7/(6)/(31))) -> 1079
A8: MAQULA ENVE 335 CM3 PET PETALOIDE TRANS 18 GR | B8: 197880 | C8: 19 | D8: =+B8*C8 -> 3759720 | E8: =+D8/1000 -> 3759.72 | F8: =+E8/1000 -> 3.75972 | G8: =+INT((B8/(6)/(31))) -> 1063
A9: TAPA 28 MM CONICA AMARILLA | B9: 190465 | C9: 5.7 | D9: =+B9*C9 -> 1085650.5 | E9: =+D9/1000 -> 1085.6505 | F9: =+E9/1000 -> 1.0856505 | G9: =+INT((B9/(6)/(31))) -> 1024
A10: MAQUILA BOTELLA W240 QUALA | B10: 173712 | C10: 12.67 | D10: =+B10*C10 -> 2200931 | E10: =+D10/1000 -> 2200.931 | F10: =+E10/1000 -> 2.200931 | G10: =+INT((B10/(6)/(31))) -> 933
A11: PREFORMA SN 20 GRS CRISTAL | B11: 162286 | C11: 21 | D11: =+B11*C11 -> 3408006 | E11: =+D11/1000 -> 3408.006 | F11: =+E11/1000 -> 3.408006 | G11: =+INT((B11/(6)/(31))) -> 872
A12: TAPA PP ARO DEEP BLUE 90 ML | B12: 129815 | C12: 13.5 | D12: =+B12*C12 -> 1752502.5 | E12: =+D12/1000 -> 1752.5025 | F12: =+E12/1000 -> 1.7525025 | G12: =+INT((B12/(6)/(31))) -> 697
A13: ENVASE 600 BALA ML PET 20 GR | B13: 128582 | C13: 21 | D13: =+B13*C13 -> 2700222 | E13: =+D13/1000 -> 2700.222 | F13: =+E13/1000 -> 2.700222 | G13: =+INT((B13/(6)/(31))) -> 691
... A102: 20622089 TAPA INSTACREAM 175 GR QUALA | B102: 9215 | C102: 28 | D102: =+B102*C102 -> 258020 | E102: =+D102/1000 -> 258.02 | F102: =+E102/1000 -> 0.25802 | G102: =+INT((B102/(6)/(31))) -> 49
A103: MAQUILA ENVASE 2000 PET BLANCO FULLER | B103: 9165 | C103: 29 | D103: =+B103*C103 -> 265785 | E103: =+D103/1000 -> 265.785 | F103: =+E103/1000 -> 0.265785
A104: ENVASE GALON PET TRANS REDONDO T38 | B104: 8937 | C104: 23 | D104: =+B104*C104 -> 205551 | E104: =+D104/1000 -> 205.551 | F104: =+E104/1000 -> 0.205551
A105: ENVASE 2000 CM3 PET ACEITE SF GENERICO | B105: 8649 | C105: 6 | D105: =+B105*C105 -> 51894 | E105: =+D105/1000 -> 51.894 | F105: =+E105/1000 -> 0.051894
A106: ENVASE 500 ANATOMICO PET | B106: 8608 | C106: 28 | D106: =+B106*C106 -> 241024 | E106: =+D106/1000 -> 241.024 | F106: =+E106/1000 -> 0.241024
A107: TAPA MAXTER 38MM VINOTINTO ARINTIA | B107: 8572 | C107: 22 | D107: =+B107*C107 -> 188584 | E107: =+D107/1000 -> 188.584 | F107: =+E107/1000 -> 0.188584
A108: ENVASE BEG 1/4 T 38 AZUL | B108: 8536 | C108: 17 | D108: =+B108*C108 -> 145112 | E108: =+D108/1000 -> 145.112 | F108: =+E108/1000 -> 0.145112
A109: ENVASE 250 OLEOLLANO AKK PET | B109: 8383 | C109: 8 | D109: =+B109*C109 -> 67064 | E109: =+D109/1000 -> 67.064 | F109: =+E109/1000 -> 0.067064
A110: ENVASE LEDESA 2000 CM3 PRIMA PE BLANCO | B110: 8336 | C110: 20 | D110: =+B110*C110 -> 166720 | E110: =+D110/1000 -> 166.72 | F110: =+E110/1000 -> 0.16672
A111: MOLDE ENVASE 300ML GRECIA AMBAR PET BISONTE | B111: 8100 | C111: 9 | D111: =+B111*C111 -> 72900 | E111: =+D111/1000 -> 72.9 | F111: =+E111/1000 -> 0.0729
A112: 64349297TAPA PP ROSCA FAB TRANS 90ML MINISOU | B112: 7840 | C112: 27 | D112: =+B112*C112 -> 211680 | E112: =+D112/1000 -> 211.68 | F112: =+E112/1000 -> 0.21168
A113: TAPA 38 MM VERDE NUEVA | B113: 7783 | C113: 5 | D113: =+B113*C113 -> 38915 | E113: =+D113/1000 -> 38.915 | F113: =+E113/1000 -> 0.038915
A114: ENV 3000 ACEITE T28 SF PET | B114: 7458 | C114: 28 | D114: =+B114*C114 -> 208824 | E114: =+D114/1000 -> 208.824 | F114: =+E114/1000 -> 0.208824
... A200: ENVASE 4 LITROS REDONDO BOCA 38 | B200: 2596 | C200: 31 | D200: =+B200*C200 -> 80476 | E200: =+D200/1000 -> 80.476 | F200: =+E200/1000 -> 0.080476
A201: TAPA DETERGENTE AZUL PP | B201: 2581

Sheet Data de Máquinas
A1: Máquina | B1: Indicador | C1: SetUp Promedio
A2: MAQUINA EXTRUSION SOPLADO AUTOBLOW 570 #1 | B2: M1 | C2: 98.666
A3: MAQUINA EXTRUSION SOPLADO AUTOBLOW 400D #2 | B3: M2 | C3: 94
A4: MAQUINA EXTRUSION SOPLADO B 30 | B4: M3 | C4: 55.58
A5: MAQUINA EXTRUSION SOPLADO BATTENFELD VK3-1 | B5: M4 | C5: 60
A6: MAQUINA EXTRUSION SOPLADO BEKUM BAE 1-1 | B6: M5 | C6: 19.45
A7: MAQUINA EXTRUSION SOPLADO KAUTEX #1 | B7: M6 | C7: 72.5
A8: MAQUINA EXTRUSION SOPLADO UNILOY A-1 | B8: M7 | C8: 14.65
A9: MAQUINA EXTRUSION SOPLADO UNILOY A-2 | B9: M8 | C9: 14.65
A10: MAQUINA EXTRUSION SOPLADO BEKUM BM08-4 | B10: M9 | C10: 33
A11: MAQUINA EXTRUSION SOPLADO ECOBLOW 600D/100 #2 | B11: M10 | C11: 85
C12: =AVERAGE(C2:C11) -> 54.7496 | D12: Promedio General
C13: En minutos
A27: Máquina | B27: Indicador | C27: SetUp Promedio
A28: MAQUINA EXTRUSION SOPLADO AUTOBLOW 570 #1 | B28: M1 | C28: 98.666
A29: MAQUINA EXTRUSION SOPLADO AUTOBLOW 400D #2 | B29: M2 | C29: 94
A30: MAQUINA EXTRUSION SOPLADO B 30 | B30: M3 | C30: 55.58
A31: MAQUINA EXTRUSION SOPLADO BATTENFELD VK3-1 | B31: M4 | C31: 60
A32: MAQUINA EXTRUSION SOPLADO BEKUM BAE 1-1 | B32: M5 | C32: 19.45
A33: MAQUINA EXTRUSION SOPLADO KAUTEX #1 | B33: M6 | C33: 72.5
A34: MAQUINA EXTRUSION SOPLADO UNILOY A-1 | B34: M7 | C34: 14.65
A35: MAQUINA EXTRUSION SOPLADO UNILOY A-2 | B35: M8 | C35: 14.65
A36: MAQUINA EXTRUSION SOPLADO BEKUM BM08-4 | B36: M9 | C36: 33
A37: MAQUINA EXTRUSION SOPLADO ECOBLOW 600D/100 #2 | B37: M10 | C37: 85
C38: =AVERAGE(C28:C37) -> 54.7496 | D38: Promedio General
C39: En minutos

Sheet MODELO PL
A1: TIEMPO PROMEDIO REGISTRADO POR CADA MÁQUINA EN PRODUCIR CADA REFERENCIA (EN MINUTOS)
A2: PRODUCTO | B2: M1 | C2: M2 | D2: M3 | E2: M4 | F2: M5 | G2: M6 | H2: M7 | I2: M8 | J2: M9 | K2: M10
A3: SOBRETAPA SAVILOE 33M | B3: 0.85 | C3: 0.65388889 | D3: 1.1594444 | E3: 1.0338889 | F3: 0.735 | G3: 0.74055556 | H3: 0.61944444 | I3: 0.735 | J3: 0.85055556 | K3: 0.90833333
A4: MAQUILA ENV 1700 TRANSP CAPRI GEN.NUEVO 41 GR SM | B4: 0.85021164 | C4: 0.85021164 | D4: 0.65277778 | E4: 0.64333333 | F4: 1.0053704 | G4: 0.85021164 | H4: 0.72388889 | I4: 0.98555556 | J4: 1.3066667 | K4: 0.63388889
A5: MAQUILA ENV 400 CRISTAL 19 GR S.M. PET CAPRI | B5: 0.47888889 | C5: 0.86 | D5: 0.80611111 | E5: 0.85083333 | F5: 1.1172222 | G5: 0.81722222 | H5: 0.69833333 | I5: 1.5361111 | J5: 1.1172222 | K5: 0.89555556
A6: SOBRETAPA VV VERDE SF QUALA | B6: 0.39222222 | C6: 0.86 | D6: 0.95166667 | E6: 0.83305556 | F6: 1.0075926 | G6: 0.96666667 | H6: 1.6683333 | I6: 0.81111111 | J6: 0.54333333 | K6: 0.71444444
A7: MAQUILA ENV 400 CRISTAL 17 GR S.M. PET CAPRI | B7: 0.84611111 | C7: 0.92944444 | D7: 0.89888889 | E7: 0.83694444 | F7: 1.1474074 | G7: 0.76277778 | H7: 1.3827778 | I7: 0.64055556 | J7: 1.4188889 | K7: 0.775
A8: MAQUILA ENV 1000 PET CAPRI NUEVO 31 GR TRANSP SM | B8: 0.62777778 | C8: 0.62777778 | D8: 1.1611111 | E8: 1.0480556 | F8: 0.7312963 | G8: 0.62777778 | H8: 0.74333333 | I8: 0.65777778 | J8: 0.79277778 | K8: 0.935
A9: MAQULA ENVE 335 CM3 PET PETALOIDE TRANS 18 GR | B9: 0.74888889 | C9: 0.59111111 | D9: 0.73777778 | E9: 0.73444444 | F9: 0.88092593 | G9: 0.90666667 | H9: 0.93111111 | I9: 1.0816667 | J9: 0.63 | K9: 0.73111111
A10: TAPA 28 MM CONICA AMARILLA | B10: 0.47666667 | C10: 1.1872222 | D10: 0.78833333 | E10: 0.88777778 | F10: 0.80462963 | G10: 1.1305556 | H10: 0.79722222 | I10: 0.96222222 | J10: 0.65444444 | K10: 0.98722222
A11: MAQUILA BOTELLA W240 QUALA | B11: 0.55166667 | C11: 0.87944444 | D11: 0.66833333 | E11: 0.72055556 | F11: 0.81574074 | G11: 1.0983333 | H11: 0.62 | I11: 1.0188889 | J11: 0.80833333 | K11: 0.77277778
A12: PREFORMA SN 20 GRS CRISTAL | B12: 0.97833333 | C12: 0.70888889 | D12: 0.85722222 | E12: 0.88305556 | F12: 0.91361111 | G12: 1.2477778 | H12: 1.2811111 | I12: 0.91361111 | J12: 0.54611111 | K12: 0.90888889
A13: TAPA PP ARO DEEP BLUE 90 ML | B13: 0.9 | C13: 0.9 | D13: 1.0027778 | E13: 0.85611111 | F13: 0.64388889 | G13: 0.9 | H13: 0.55222222 | I13: 0.88555556 | J13: 0.49388889 | K13: 0.70944444
A14: ENVASE 600 BALA ML PET 20 GR | B14: 1.2183333 | C14: 0.97444444 | D14: 0.89222222 | E14: 0.84777778 | F14: 0.94685185 | G14: 1.4622222 | H14: 1.0255556 | I14: 0.74666667 | J14: 1.0683333 | K14: 0.80333333
... A103: Set-up Time (en minutos) | B103: 98.666 | C103: 94 | D103: 55.58 | E103: 60 | F103: 19.45 | G103: 72.5 | H103: 14.65 | I103: 14.65 | J103: 33 | K103: 85
A105: F.O: Minimizar Z= | B105: =(SUMPRODUCT($B$109:$K$207,$B$3:$K$101))+(SUMPRODUCT($B$103:$K$103,$B$209:$K$209)) -> 13694.062 | C105: minutos
A108: PRODUCTO | B108: M1 | C108: M2 | D108: M3 | E108: M4 | F108: M5 | G108: M6 | H108: M7 | I108: M8 | J108: M9 | K108: M10 | L108: SUMA | N108: DEMANDA
A109: SOBRETAPA SAVILOE 33M | H109: 1618 | L109: =SUM(B109:K109) -> 1618 | M109: >= | N109: 1618 | O109: =+N109-L109 -> 0
A110: MAQUILA ENV 1700 TRANSP CAPRI GEN.NUEVO 41 GR SM | K110: 1337 | L110: =SUM(B110:K110) -> 1337 | M110: >= | N110: 1337 | O110: =+N110-L110 -> 0
A111: MAQUILA ENV 400 CRISTAL 19 GR S.M. PET CAPRI | B111: 1244 | L111: =SUM(B111:K111) -> 1244 | M111: >= | N111: 1244 | O111: =+N111-L111 -> 0
A112: SOBRETAPA VV VERDE SF QUALA | B112: 815 | D112: 350 | L112: =SUM(B112:K112) -> 1165 | M112: >= | N112: 1165 | O112: =+N112-L112 -> 0
A113: MAQUILA ENV 400 CRISTAL 17 GR S.M. PET CAPRI | I113: 1044 | L113: =SUM(B113:K113) -> 1044 | M113: >= | N113: 1044 | O113: =+N113-L113 -> 0
A114: MAQUILA ENV 1000 PET CAPRI NUEVO 31 GR TRANSP SM | E114: 344 | F114: 303 | L114: =SUM(B114:K114) -> 647 | M114: >= | N114: 647 | O114: =+N114-L114 -> 0
A115: MAQULA ENVE 335 CM3 PET PETALOIDE TRANS 18 GR | C115: 335 | F115: 90 | L115: =SUM(B115:K115) -> 425 | M115: >= | N115: 425 | O115: =+N115-L115 -> 0
A116: TAPA 28 MM CONICA AMARILLA | B116: 300 | G116: 109 | L116: =SUM(B116:K116) -> 409 | M116: >= | N116: 409 | O116: =+N116-L116 -> 0
A117: MAQUILA BOTELLA W240 QUALA | F117: 205 | H117: 168 | L117: =SUM(B117:K117) -> 373 | M117: >= | N117: 373 | O117: =+N117-L117 -> 0
A118: PREFORMA SN 20 GRS CRISTAL | J118: 348 | L118: =SUM(B118:K118) -> 348 | M118: >= | N118: 348 | O118: =+N118-L118 -> 0
A119: TAPA PP ARO DEEP BLUE 90 ML | J119: 278 | L119: =SUM(B119:K119) -> 278 | M119: >= | N119: 278 | O119: =+N119-L119 -> 0
A120: ENVASE 600 BALA ML PET 20 GR | I120: 276 | L120: =SUM(B120:K120) -> 276 | M120: >= | N120: 276 | O120: =+N120-L120 -> 0
A121: ENVASE 810 PET BISONTE | F121: 275 | L121: =SUM(B121:K121) -> 275 | M121: >= | N121: 275 | O121: =+N121-L121 -> 0
A122: MAQUILA ENV 500 ANATOMICO LPS PET | G122: 265 | L122: =SUM(B122:K122) -> 265 | M122: >= | N122: 265 | O122: =+N122-L122 -> 0
A123: TAPA SUAVIZANTE FUCSIA | D123: 260 | L123: =SUM(B123:K123) -> 260 | M123: >= | N123: 260 | O123: =+N123-L123 -> 0
A124: TAPA SAV ACO COLAGENO 530 ML PE | I124: 175 | L124: =SUM(B124:K124) -> 175 | M124: >= | N124: 175 | O124: =+N124-L124 -> 0
A125: MAQUILA ENV PET 400 MAXI CAPRI 18 GR SM | C125: 162 | L125: =SUM(B125:K125) -> 162 | M125: >= | N125: 162 | O125: =+N125-L125 -> 0
A126: TAPA GRIS ROS EGO CERA 160 ML | H126: 150 | L126: =SUM(B126:K126) -> 150 | M126: >= | N126: 150 | O126: =+N126-L126 -> 0
A127: ENVASE BRILLA KING 500 BLANCO | I127: 138 | L127: =SUM(B127:K127) -> 138 | M127: >= | N127: 138 | O127: =+N127-L127 -> 0
A128: ENVASE 4 LTS SUAVIZANTE AMARILLO PEADS | C128: 128 | L128: =SUM(B128:K128) -> 128 | M128: >= | N128: 128 | O128: =+N128-L128 -> 0
A129: TAPA FLIT TOP JABON INTIMO KOBA | D129: 101 | L129: =SUM(B129:K129) -> 101 | M129: >= | N129: 101 | O129: =+N129-L129 -> 0
A130: 32160012SOBRETAPA VV AZUL SF | E130: 97 | L130: =SUM(B130:K130) -> 97 | M130: >= | N130: 97 | O130: =+N130-L130 -> 0
A131: 67525342 TAPA CUADRADA EGO GEL NEGRA 240 | E131: 86 | L131: =SUM(B131:K131) -> 86 | M131: >= | N131: 86 | O131: =+N131-L131 -> 0
A132: ENVASE 4 LTS SUAVIZANTE AZUL PEADS BERHLAN | J132: 86 | L132: =SUM(B132:K132) -> 86 | M132: >= | N132: 86 | O132: =+N132-L132 -> 0
A133: MAQUILA ENV 1000 ML PET TRANSP CARBONATADA 35GRS | J133: 82 | L133: =SUM(B133:K133) -> 82 | M133: >= | N133: 82 | O133: =+N133-L133 -> 0
A134: 63711265TAPA LZC CREMA 450G LIMON IMAG 2017 | K134: 81 | L134: =SUM(B134:K134) -> 81 | M134: >= | N134: 81 | O134: =+N134-L134 -> 0
A135: PREFORMA 16.5 GR SN CRISTAL | J135: 80 | L135: =SUM(B135:K135) -> 80 | M135: >= | N135: 80 | O135: =+N135-L135 -> 0
A136: ENV 1700 TRANSP CAPRI NUEVO 41 GR RPM | C136: 77 | L136: =SUM(B136:K136) -> 77 | M136: >= | N136: 77 | O136: =+N136-L136 -> 0
A137: 64298656BOT AROMATEL DEEP BLUE 2500 ML | G137: 75 | L137: =SUM(B137:K137) -> 75 | M137: >= | N137: 75 | O137: =+N137-L137 -> 0
A138: MAQUILA ENVASE BALA 600 ML 17 GR | D138: 73 | L138: =SUM(B138:K138) -> 73 | M138: >= | N138: 73 | O138: =+N138-L138 -> 0
A139: ENVASE JABON INTIMO 300 KOBA | J139: 70 | L139: =SUM(B139:K139) -> 70 | M139: >= | N139: 70 | O139: =+N139-L139 -> 0
A140: ENVASE 2000 CM3 PET CARBONATADA | H140: 70 | L140: =SUM(B140:K140) -> 70 | M140: >= | N140: 70 | O140: =+N140-L140 -> 0
A141: TAPA SUAVIZANTE NATURAL | G141: 69 | L141: =SUM(B141:K141) -> 69 | M141: >= | N141: 69 | O141: =+N141-L141 -> 0
A142: 63716499CONJUNTO BASE ET LZC LVC LIMON 450G RPM IM | C142: 68 | L142: =SUM(B142:K142) -> 68 | M142: >= | N142: 68 | O142: =+N142-L142 -> 0
A143: TAPA 28 MM PCO WL AZUL 2935 PET | E143: 68 | L143: =SUM(B143:K143) -> 68 | M143: >= | N143: 68 | O143: =+N143-L143 -> 0
A144: ENVASE JABON INTIMO JM 300 ML | F144: 66 | L144: =SUM(B144:K144) -> 66 | M144: >= | N144: 66 | O144: =+N144-L144 -> 0
A145: 67563448 TAPA SAV ACO KERATINA 530 ML | J145: 62 | L145: =SUM(B145:K145) -> 62 | M145: >= | N145: 62 | O145: =+N145-L145 -> 0
A146: 67563450 TAPA SAV ACO ARGAN 530 ML | G146: 60 | L146: =SUM(B146:K146) -> 60 | M146: >= | N146: 60 | O146: =+N146-L146 -> 0
A147: 67556899 TAPA SAVITAL AC MULTIVITAMINAS | H147: 59 | L147: =SUM(B147:K147) -> 59 | M147: >= | N147: 59 | O147: =+N147-L147 -> 0
A148: 67563458 TAPA SAV AC COLAGENO 530 | I148: 59 | L148: =SUM(B148:K148) -> 59 | M148: >= | N148: 59 | O148: =+N148-L148 -> 0
A149: TAPA 46 MM BLANCA PET | J149: 57 | L149: =SUM(B149:K149) -> 57 | M149: >= | N149: 57 | O149: =+N149-L149 -> 0
A150: ENVASE GALON COHETE BLANCO PE | G150: 56 | L150: =SUM(B150:K150) -> 56 | M150: >= | N150: 56 | O150: =+N150-L150 -> 0
A151: TAPA 28 MM SIN BANDA FUCSIA | I151: 55 | L151: =SUM(B151:K151) -> 55 | M151: >= | N151: 55 | O151: =+N151-L151 -> 0
A152: ENVASE 500 ACEITE SHORT NECK #1 | D152: 54 | L152: =SUM(B152:K152) -> 54 | M152: >= | N152: 54 | O152: =+N152-L152 -> 0
A153: MAQUILA ENVASE 3785 TRANSPARENTE FULLER | G153: 54 | L153: =SUM(B153:K153) -> 54 | M153: >= | N153: 54 | O153: =+N153-L153 -> 0
A154: 63711264TAPA LZC CREMA 450G ALOE | G154: 53 | L154: =SUM(B154:K154) -> 53 | M154: >= | N154: 53 | O154: =+N154-L154 -> 0
A155: 64320999CAP SAV CO LIGHT GOLD 510/490ML TIQUE | C155: 52 | L155: =SUM(B155:K155) -> 52 | M155: >= | N155: 52 | O155: =+N155-L155 -> 0
A156: ENVASE 4 LTS SUAVIZANTE AZUL PE | D156: 50 | L156: =SUM(B156:K156) -> 50 | M156: >= | N156: 50 | O156: =+N156-L156 -> 0
A157: ENVASE LIMPIADOR BLANCO X 500 ETERNA | C157: 49 | L157: =SUM(B157:K157) -> 49 | M157: >= | N157: 49 | O157: =+N157-L157 -> 0
A158: ENVASE 300 CM3 TRANSPARENTE PET | F158: 49 | L158: =SUM(B158:K158) -> 49 | M158: >= | N158: 49 | O158: =+N158-L158 -> 0
A159: 63716500CONJUNTO BASE ET LZC LVC ALOE 450G RPM 2023 | F159: 47 | L159: =SUM(B159:K159) -> 47 | M159: >= | N159: 47 | O159: =+N159-L159 -> 0
A160: ENVASE BRILLA KING 810 ML PET AMSA | C160: 46 | L160: =SUM(B160:K160) -> 46 | M160: >= | N160: 46 | O160: =+N160-L160 -> 0
A161: TAPA 38 MM AMARILLA LINER INCORPORADO | D161: 45 | L161: =SUM(B161:K161) -> 45 | M161: >= | N161: 45 | O161: =+N161-L161 -> 0
A162: 67421609 TAPA NEGRA EGO GEL 500 ML | K162: 42 | L162: =SUM(B162:K162) -> 42 | M162: >= | N162: 42 | O162: =+N162-L162 -> 0
A163: TAPA 46 MM VERDE CLARO | F163: 42 | L163: =SUM(B163:K163) -> 42 | M163: >= | N163: 42 | O163: =+N163-L163 -> 0
A164: ENV GALON PET TRANS. REDONDO T38 CON MANIJA | C164: 39 | L164: =SUM(B164:K164) -> 39 | M164: >= | N164: 39 | O164: =+N164-L164 -> 0
A165: 31100907 ENSALADERA GALLINA 4X200 COL QUALA T AZUL | E165: 38 | L165: =SUM(B165:K165) -> 38 | M165: >= | N165: 38 | O165: =+N165-L165 -> 0
A166: ENVASE 900 ACEITE SHORT NECK PET | H166: 37 | L166: =SUM(B166:K166) -> 37 | M166: >= | N166: 37 | O166: =+N166-L166 -> 0
A167: ENVASE 2000 COHETE BLANCO AGENTEX PE | K167: 36 | L167: =SUM(B167:K167) -> 36 | M167: >= | N167: 36 | O167: =+N167-L167 -> 0
A168: ENVASE BETUN CREMA PET 40 GR BISONTE | J168: 36 | L168: =SUM(B168:K168) -> 36 | M168: >= | N168: 36 | O168: =+N168-L168 -> 0
A169: MAQUILA ENVASE 2000 TRANSPARENTE FULLER | D169: 35 | L169: =SUM(B169:K169) -> 35 | M169: >= | N169: 35 | O169: =+N169-L169 -> 0
A170: MAQUILA ENVASE 3785 PET BLANCO FULLER | E170: 34 | L170: =SUM(B170:K170) -> 34 | M170: >= | N170: 34 | O170: =+N170-L170 -> 0
A171: 63716305ENV LZC LIMON 850 G | J171: 33 | L171: =SUM(B171:K171) -> 33 | M171: >= | N171: 33 | O171: =+N171-L171 -> 0
A172: 63710480 TAPA ENV LZC 800 GR Y 1.1 KG LIMON | E172: 33 | L172: =SUM(B172:K172) -> 33 | M172: >= | N172: 33 | O172: =+N172-L172 -> 0
A173: 63710479 TAPA ENV LZC 800 GR Y 1.1 KG ALOE | F173: 32 | L173: =SUM(B173:K173) -> 32 | M173: >= | N173: 32 | O173: =+N173-L173 -> 0
A174: MANIJA ENVASE PET AMARILLA | J174: 32 | L174: =SUM(B174:K174) -> 32 | M174: >= | N174: 32 | O174: =+N174-L174 -> 0
A175: MAQUILA ENVASE 1000 PET TRANSPARENTE FULLER | H175: 32 | L175: =SUM(B175:K175) -> 32 | M175: >= | N175: 32 | O175: =+N175-L175 -> 0
A176: PREFORMA 16.5 GRS PET CRISTAL | E176: 31 | L176: =SUM(B176:K176) -> 31 | M176: >= | N176: 31 | O176: =+N176-L176 -> 0
A177: 67589799TAPA EGO GEL ATRACTION 240 ML | G177: 31 | L177: =SUM(B177:K177) -> 31 | M177: >= | N177: 31 | O177: =+N177-L177 -> 0
A178: ETIQUETADO ENVASE ROPA INTIMA | K178: 31 | L178: =SUM(B178:K178) -> 31 | M178: >= | N178: 31 | O178: =+N178-L178 -> 0
A179: 63716304ENV LZC ALOE 850 G | J179: 30 | L179: =SUM(B179:K179) -> 30 | M179: >= | N179: 30 | O179: =+N179-L179 -> 0
A180: ENVASE JABON DE MANOS CILINDRICO 1000 PET | H180: 30 | L180: =SUM(B180:K180) -> 30 | M180: >= | N180: 30 | O180: =+N180-L180 -> 0
A181: ENVASE 1000 LIMPIAPISOS LPS PET | F181: 29 | L181: =SUM(B181:K181) -> 29 | M181: >= | N181: 29 | O181: =+N181-L181 -> 0
A182: MAQUILA ENVASE 1000 PET BLANCO FULLER | J182: 28 | L182: =SUM(B182:K182) -> 28 | M182: >= | N182: 28 | O182: =+N182-L182 -> 0
A183: ENVASE ROSADO 1000 ET QUITAMANCHAS | F183: 28 | L183: =SUM(B183:K183) -> 28 | M183: >= | N183: 28 | O183: =+N183-L183 -> 0
A184: ENVASE 3000 ACEITE T28 SF PET | J184: 28 | L184: =SUM(B184:K184) -> 28 | M184: >= | N184: 28 | O184: =+N184-L184 -> 0
A185: ETIQUETADO ENV JABON JM ALOE | E185: 28 | L185: =SUM(B185:K185) -> 28 | M185: >= | N185: 28 | O185: =+N185-L185 -> 0
A186: 63711267 TAPA LZC CREMA 450G AVENA IMAG 2017 | E186: 28 | L186: =SUM(B186:K186) -> 28 | M186: >= | N186: 28 | O186: =+N186-L186 -> 0
A187: TAPA 38 MM ROJA LINER INCORPORADO | D187: 26 | L187: =SUM(B187:K187) -> 26 | M187: >= | N187: 26 | O187: =+N187-L187 -> 0
A188: MAQUILA ENVASE 500 PET TRANSPARENTE FULLER | I188: 26 | L188: =SUM(B188:K188) -> 26 | M188: >= | N188: 26 | O188: =+N188-L188 -> 0
A189: 67428134 TAPA SAVITAL AC SABILA Y PALTA | J189: 26 | L189: =SUM(B189:K189) -> 26 | M189: >= | N189: 26 | O189: =+N189-L189 -> 0
A190: ENVASE 4 LITROS DETERGENTE AZUL LPS | I190: 26 | L190: =SUM(B190:K190) -> 26 | M190: >= | N190: 26 | O190: =+N190-L190 -> 0
A191: ENVASE BLANCO 1000 ET QUITAMANCHAS | E191: 26 | L191: =SUM(B191:K191) -> 26 | M191: >= | N191: 26 | O191: =+N191-L191 -> 0
...

Sheet DATOS SIMULADOS
A1: TIEMPO PROMEDIO REGISTRADO POR CADA MÁQUINA EN PRODUCIR CADA REFERENCIA (EN SEGUNDOS)
A2: PRODUCTO | B2: M1 | C2: M2 | D2: M3 | E2: M4 | F2: M5 | G2: M6 | H2: M7 | I2: M8 | J2: M9 | K2: M10
A3: SOBRETAPA SAVILOE 33M | B3: 51 | C3: 39.233333 | D3: 69.566667 | E3: 62.033333 | F3: 44.1 | G3: 44.433333 | H3: 37.166667 | I3: 44.1 | J3: 51.033333 | K3: 54.5
A4: MAQUILA ENV 1700 TRANSP CAPRI GEN.NUEVO 41 GR SM | B4: 51.012698 | C4: 51.012698 | D4: 39.166667 | E4: 38.6 | F4: 60.322222 | G4: 51.012698 | H4: 43.433333 | I4: 59.133333 | J4: 78.4 | K4: 38.033333
A5: MAQUILA ENV 400 CRISTAL 19 GR S.M. PET CAPRI | B5: 28.733333 | C5: 51.6 | D5: 48.366667 | E5: 51.05 | F5: 67.033333 | G5: 49.033333 | H5: 41.9 | I5: 92.166667 | J5: 67.033333 | K5: 53.733333
A6: SOBRETAPA VV VERDE SF QUALA | B6: 23.533333 | C6: 51.6 | D6: 57.1 | E6: 49.983333 | F6: 60.455556 | G6: 58 | H6: 100.1 | I6: 48.666667 | J6: 32.6 | K6: 42.866667
A7: MAQUILA ENV 400 CRISTAL 17 GR S.M. PET CAPRI | B7: 50.766667 | C7: 55.766667 | D7: 53.933333 | E7: 50.216667 | F7: 68.844444 | G7: 45.766667 | H7: 82.966667 | I7: 38.433333 | J7: 85.133333 | K7: 46.5
A8: MAQUILA ENV 1000 PET CAPRI NUEVO 31 GR TRANSP SM | B8: 37.666667 | C8: 37.666667 | D8: 69.666667 | E8: 62.883333 | F8: 43.877778 | G8: 37.666667 | H8: 44.6 | I8: 39.466667 | J8: 47.566667 | K8: 56.1
A9: MAQULA ENVE 335 CM3 PET PETALOIDE TRANS 18 GR | B9: 44.933333 | C9: 35.466667 | D9: 44.266667 | E9: 44.066667 | F9: 52.855556 | G9: 54.4 | H9: 55.866667 | I9: 64.9 | J9: 37.8 | K9: 43.866667
A10: TAPA 28 MM CONICA AMARILLA | B10: 28.6 | C10: 71.233333 | D10: 47.3 | E10: 53.266667 | F10: 48.277778 | G10: 67.833333 | H10: 47.833333 | I10: 57.733333 | J10: 39.266667 | K10: 59.233333
A11: MAQUILA BOTELLA W240 QUALA | B11: 33.1 | C11: 52.766667 | D11: 40.1 | E11: 43.233333 | F11: 48.944444 | G11: 65.9 | H11: 37.2 | I11: 61.133333 | J11: 48.5 | K11: 46.366667
A12: PREFORMA SN 20 GRS CRISTAL | B12: 58.7 | C12: 42.533333 | D12: 51.433333 | E12: 52.983333 | F12: 54.816667 | G12: 74.866667 | H12: 76.866667 | I12: 54.816667 | J12: 32.766667 | K12: 54.533333
A13: TAPA PP ARO DEEP BLUE 90 ML | B13: 54 | C13: 54 | D13: 60.166667 | E13: 51.366667 | F13: 38.633333 | G13: 54 | H13: 33.133333 | I13: 53.133333 | J13: 29.633333 | K13: 42.566667
A14: ENVASE 600 BALA ML PET 20 GR | B14: 73.1 | C14: 58.466667 | D14: 53.533333 | E14: 50.866667 | F14: 56.811111 | G14: 87.733333 | H14: 61.533333 | I14: 44.8 | J14: 64.1 | K14: 48.2
... A202: TAPA DETERGENTE AZUL PP | B202: 45.958333 | C202: 43.1125 | D202: 63.566667 | E202: 58.966667 | F202: 38.466667 | G202: 40.266667 | H202: 50.566667 | I202: 68.933333 | J202: 44.3 | K202: 54.366667

Sheet DATOS FINALES
A1: TIEMPO PROMEDIO REGISTRADO POR CADA MÁQUINA EN PRODUCIR CADA REFERENCIA (EN SEGUNDOS)
A2: PRODUCTO | B2: M1 | C2: M2 | D2: M3 | E2: M4 | F2: M5 | G2: M6 | H2: M7 | I2: M8 | J2: M9 | K2: M10
A3: SOBRETAPA SAVILOE 33M | B3: =+'Datos M1'!AF3 -> 51 | C3: =+'Datos M2'!AF3 -> 39.233333 | D3: =+'Datos M3'!AF3 -> 69.566667 | E3: =+'Datos M4'!AF3 -> 0 | F3: =+'Datos M5'!AF3 -> 0 | G3: =+'Datos M6'!AF3 -> 44.433333 | H3: =+'Datos M7'!AF3 -> 37.166667 | I3: =+'Datos M8'!AF3 -> 0 | J3: =+'Datos M9'!AF3 -> 51.033333 | K3: =+'Datos M10'!AF3 -> 54.5
A4: MAQUILA ENV 1700 TRANSP CAPRI GEN.NUEVO 41 GR SM | B4: =+'Datos M1'!AF4 -> 0 | C4: =+'Datos M2'!AF4 -> 0 | D4: =+'Datos M3'!AF4 -> 39.166667 | E4: =+'Datos M4'!AF4 -> 0 | F4: =+'Datos M5'!AF4 -> 0 | G4: =+'Datos M6'!AF4 -> 0 | H4: =+'Datos M7'!AF4 -> 43.433333 | I4: =+'Datos M8'!AF4 -> 59.133333 | J4: =+'Datos M9'!AF4 -> 78.4 | K4: =+'Datos M10'!AF4 -> 38.033333
A5: MAQUILA ENV 400 CRISTAL 19 GR S.M. PET CAPRI | B5: =+'Datos M1'!AF5 -> 28.733333 | C5: =+'Datos M2'!AF5 -> 51.6 | D5: =+'Datos M3'!AF5 -> 48.366667 | E5: =+'Datos M4'!AF5 -> 0 | F5: =+'Datos M5'!AF5 -> 0 | G5: =+'Datos M6'!AF5 -> 49.033333 | H5: =+'Datos M7'!AF5 -> 41.9 | I5: =+'Datos M8'!AF5 -> 92.166667 | J5: =+'Datos M9'!AF5 -> 0 | K5: =+'Datos M10'!AF5 -> 53.733333
A6: SOBRETAPA VV VERDE SF QUALA | B6: =+'Datos M1'!AF6 -> 23.533333 | C6: =+'Datos M2'!AF6 -> 51.6 | D6: =+'Datos M3'!AF6 -> 57.1 | E6: =+'Datos M4'!AF6 -> 0 | F6: =+'Datos M5'!AF6 -> 0 | G6: =+'Datos M6'!AF6 -> 58 | H6: =+'Datos M7'!AF6 -> 100.1 | I6: =+'Datos M8'!AF6 -> 48.666667 | J6: =+'Datos M9'!AF6 -> 32.6 | K6: =+'Datos M10'!AF6 -> 42.866667
A7: MAQUILA ENV 400 CRISTAL 17 GR S.M. PET CAPRI | B7: =+'Datos M1'!AF7 -> 0 | C7: =+'Datos M2'!AF7 -> 55.766667 | D7: =+'Datos M3'!AF7 -> 53.933333 | E7: =+'Datos M4'!AF7 -> 0 | F7: =+'Datos M5'!AF7 -> 33.733333 | G7: =+'Datos M6'!AF7 -> 45.766667 | H7: =+'Datos M7'!AF7 -> 82.966667 | I7: =+'Datos M8'!AF7 -> 38.433333 | J7: =+'Datos M9'!AF7 -> 85.133333 | K7: =+'Datos M10'!AF7 -> 46.5
A8: MAQUILA ENV 1000 PET CAPRI NUEVO 31 GR TRANSP SM | B8: =+'Datos M1'!AF8 -> 0 | C8: =+'Datos M2'!AF8 -> 0 | D8: =+'Datos M3'!AF8 -> 69.666667 | E8: =+'Datos M4'!AF8 -> 0 | F8: =+'Datos M5'!AF8 -> 0 | G8: =+'Datos M6'!AF8 -> 37.666667 | H8: =+'Datos M7'!AF8 -> 44.6 | I8: =+'Datos M8'!AF8 -> 39.466667 | J8: =+'Datos M9'!AF8 -> 47.566667 | K8: =+'Datos M10'!AF8 -> 56.1
A9: MAQULA ENVE 335 CM3 PET PETALOIDE TRANS 18 GR | B9: =+'Datos M1'!AF9 -> 0 | C9: =+'Datos M2'!AF9 -> 35.466667 | D9: =+'Datos M3'!AF9 -> 44.266667 | E9: =+'Datos M4'!AF9 -> 0 | F9: =+'Datos M5'!AF9 -> 0 | G9: =+'Datos M6'!AF9 -> 54.4 | H9: =+'Datos M7'!AF9 -> 55.866667 | I9: =+'Datos M8'!AF9 -> 64.9 | J9: =+'Datos M9'!AF9 -> 37.8 | K9: =+'Datos M10'!AF9 -> 43.866667
A10: TAPA 28 MM CONICA AMARILLA | B10: =+'Datos M1'!AF10 -> 28.6 | C10: =+'Datos M2'!AF10 -> 71.233333 | D10: =+'Datos M3'!AF10 -> 47.3 | E10: =+'Datos M4'!AF10 -> 0 | F10: =+'Datos M5'!AF10 -> 0 | G10: =+'Datos M6'!AF10 -> 67.833333 | H10: =+'Datos M7'!AF10 -> 47.833333 | I10: =+'Datos M8'!AF10 -> 57.733333 | J10: =+'Datos M9'!AF10 -> 39.266667 | K10: =+'Datos M10'!AF10 -> 59.233333
A11: MAQUILA BOTELLA W240 QUALA | B11: =+'Datos M1'!AF11 -> 33.1 | C11: =+'Datos M2'!AF11 -> 52.766667 | D11: =+'Datos M3'!AF11 -> 40.1 | E11: =+'Datos M4'!AF11 -> 0 | F11: =+'Datos M5'!AF11 -> 0 | G11: =+'Datos M6'!AF11 -> 65.9 | H11: =+'Datos M7'!AF11 -> 37.2 | I11: =+'Datos M8'!AF11 -> 61.133333 | J11: =+'Datos M9'!AF11 -> 48.5 | K11: =+'Datos M10'!AF11 -> 46.366667
A12: PREFORMA SN 20 GRS CRISTAL | B12: =+'Datos M1'!AF12 -> 0 | C12: =+'Datos M2'!AF12 -> 42.533333 | D12: =+'Datos M3'!AF12 -> 51.433333 | E12: =+'Datos M4'!AF12 -> 0 | F12: =+'Datos M5'!AF12 -> 0 | G12: =+'Datos M6'!AF12 -> 74.866667 | H12: =+'Datos M7'!AF12 -> 76.866667 | I12: =+'Datos M8'!AF12 -> 0 | J12: =+'Datos M9'!AF12 -> 32.766667 | K12: =+'Datos M10'!AF12 -> 54.533333
A13: TAPA PP ARO DEEP BLUE 90 ML | B13: =+'Datos M1'!AF13 -> 0 | C13: =+'Datos M2'!AF13 -> 0 | D13: =+'Datos M3'!AF13 -> 60.166667 | E13: =+'Datos M4'!AF13 -> 0 | F13: =+'Datos M5'!AF13 -> 0 | G13: =+'Datos M6'!AF13 -> 54 | H13: =+'Datos M7'!AF13 -> 33.133333 | I13: =+'Datos M8'!AF13 -> 53.133333 | J13: =+'Datos M9'!AF13 -> 29.633333 | K13: =+'Datos M10'!AF13 -> 42.566667
A14: ENVASE 600 BALA ML PET 20 GR | B14: =+'Datos M1'!AF14 -> 0 | C14: =+'Datos M2'!AF14 -> 58.466667 | D14: =+'Datos M3'!AF14 -> 53.533333 | E14: =+'Datos M4'!AF14 -> 0 | F14: =+'Datos M5'!AF14 -> 0 | G14: =+'Datos M6'!AF14 -> 87.733333 | H14: =+'Datos M7'!AF14 -> 61.533333 | I14: =+'Datos M8'!AF14 -> 44.8 | J14: =+'Datos M9'!AF14 -> 64.1 | K14: =+'Datos M10'!AF14 -> 48.2
... A202: TAPA DETERGENTE AZUL PP | B202: =+'Datos M1'!AF202 -> 0 | C202: =+'Datos M2'!AF202 -> 0 | D202: =+'Datos M3'!AF202 -> 63.566667 | E202: =+'Datos M4'!AF202 -> 0 | F202: =+'Datos M5'!AF202 -> 38.466667 | G202: =+'Datos M6'!AF202 -> 40.266667 | H202: =+'Datos M7'!AF202 -> 0 | I202: =+'Datos M8'!AF202 -> 68.933333 | J202: =+'Datos M9'!AF202 -> 44.3 | K202: =+'Datos M10'!AF202 -> 54.366667

Sheet Datos M1
A1: TIEMPO REGISTRADO EN SEGUNDOS POR UNA UNIDAD DE PRODUCTO
A2: PRODUCTO | B2: Registro 1 | C2: Registro 2 | D2: Registro 3 | E2: Registro 4 | F2: Registro 5 | G2: Registro 6 | H2: Registro 7 | I2: Registro 8 | J2: Registro 9 | K2: Registro 10 | L2: Registro 11 | M2: Registro 12 | N2: Registro 13 | O2: Registro 14 | P2: Registro 15 | Q2: Registro 16 | R2: Registro 17 | S2: Registro 18 | T2: Registro 19 | U2: Registro 20 | V2: Registro 21 | W2: Registro 22 | X2: Registro 23 | Y2: Registro 24 | Z2: Registro 25 | AA2: Registro 26 | AB2: Registro 27 | AC2: Registro 28 | AD2: Registro 29 | AE2: Registro 30 | AF2: Promedio
A3: SOBRETAPA SAVILOE 33M | B3: 54 | C3: 87 | D3: 37 | E3: 88 | F3: 34 | G3: 63 | H3: 81 | I3: 16 | J3: 36 | K3: 70 | L3: 41 | M3: 43 | N3: 84 | O3: 33 | P3: 17 | Q3: 85 | R3: 70 | S3: 55 | T3: 23 | U3: 19 | V3: 34 | W3: 59 | X3: 61 | Y3: 39 | Z3: 75 | AA3: 51 | AB3: 23 | AC3: 92 | AD3: 31 | AE3: 29 | AF3: =AVERAGE(B3:AE3) -> 51
A4: MAQUILA ENV 1700 TRANSP CAPRI GEN.NUEVO 41 GR SM | B4: 0 | C4: 0 | D4: 0 | E4: 0 | F4: 0 | G4: 0 | H4: 0 | I4: 0 | J4: 0 | K4: 0 | L4: 0 | M4: 0 | N4: 0 | O4: 0 | P4: 0 | Q4: 0 | R4: 0 | S4: 0 | T4: 0 | U4: 0 | V4: 0 | W4: 0 | X4: 0 | Y4: 0 | Z4: 0 | AA4: 0 | AB4: 0 | AC4: 0 | AD4: 0 | AE4: 0 | AF4: =AVERAGE(B4:AE4) -> 0
A5: MAQUILA ENV 400 CRISTAL 19 GR S.M. PET CAPRI | B5: 17 | C5: 34 | D5: 25 | E5: 25 | F5: 36 | G5: 30 | H5: 38 | I5: 28 | J5: 33 | K5: 26 | L5: 32 | M5: 28 | N5: 13 | O5: 35 | P5: 20 | Q5: 39 | R5: 36 | S5: 17 | T5: 29 | U5: 37 | V5: 40 | W5: 28 | X5: 36 | Y5: 20 | Z5: 11 | AA5: 36 | AB5: 34 | AC5: 16 | AD5: 40 | AE5: 23 | AF5: =AVERAGE(B5:AE5) -> 28.733333
A6: SOBRETAPA VV VERDE SF QUALA | B6: 0 | C6: 20 | D6: 19 | E6: 26 | F6: 18 | G6: 22 | H6: 32 | I6: 16 | J6: 18 | K6: 34 | L6: 18 | M6: 16 | N6: 32 | O6: 20 | P6: 36 | Q6: 23 | R6: 16 | S6: 16 | T6: 35 | U6: 33 | V6: 36 | W6: 33 | X6: 18 | Y6: 29 | Z6: 32 | AA6: 15 | AB6: 35 | AC6: 19 | AD6: 15 | AE6: 24 | AF6: =AVERAGE(B6:AE6) -> 23.533333
A7: MAQUILA ENV 400 CRISTAL 17 GR S.M. PET CAPRI | B7: 0 | C7: 0 | D7: 0 | E7: 0 | F7: 0 | G7: 0 | H7: 0 | I7: 0 | J7: 0 | K7: 0 | L7: 0 | M7: 0 | N7: 0 | O7: 0 | P7: 0 | Q7: 0 | R7: 0 | S7: 0 | T7: 0 | U7: 0 | V7: 0 | W7: 0 | X7: 0 | Y7: 0 | Z7: 0 | AA7: 0 | AB7: 0 | AC7: 0 | AD7: 0 | AE7: 0 | AF7: =AVERAGE(B7:AE7) -> 0
A8: MAQUILA ENV 1000 PET CAPRI NUEVO 31 GR TRANSP SM | B8: 0 | C8: 0 | D8: 0 | E8: 0 | F8: 0 | G8: 0 | H8: 0 | I8: 0 | J8: 0 | K8: 0 | L8: 0 | M8: 0 | N8: 0 | O8: 0 | P8: 0 | Q8: 0 | R8: 0 | S8: 0 | T8: 0 | U8: 0 | V8: 0 | W8: 0 | X8: 0 | Y8: 0 | Z8: 0 | AA8: 0 | AB8: 0 | AC8: 0 | AD8: 0 | AE8: 0 | AF8: =AVERAGE(B8:AE8) -> 0
A9: MAQULA ENVE 335 CM3 PET PETALOIDE TRANS 18 GR | B9: 0 | C9: 0 | D9: 0 | E9: 0 | F9: 0 | G9: 0 | H9: 0 | I9: 0 | J9: 0 | K9: 0 | L9: 0 | M9: 0 | N9: 0 | O9: 0 | P9: 0 | Q9: 0 | R9: 0 | S9: 0 | T9: 0 | U9: 0 | V9: 0 | W9: 0 | X9: 0 | Y9: 0 | Z9: 0 | AA9: 0 | AB9: 0 | AC9: 0 | AD9: 0 | AE9: 0 | AF9: =AVERAGE(B9:AE9) -> 0
A10: TAPA 28 MM CONICA AMARILLA | B10: 41 | C10: 16 | D10: 43 | E10: 14 | F10: 32 | G10: 34 | H10: 23 | I10: 16 | J10: 33 | K10: 42 | L10: 37 | M10: 15 | N10: 10 | O10: 29 | P10: 32 | Q10: 45 | R10: 47 | S10: 26 | T10: 43 | U10: 36 | V10: 10 | W10: 25 | X10: 37 | Y10: 15 | Z10: 16 | AA10: 43 | AB10: 39 | AC10: 24 | AD10: 14 | AE10: 21 | AF10: =AVERAGE(B10:AE10) -> 28.6
A11: MAQUILA BOTELLA W240 QUALA | B11: 32 | C11: 23 | D11: 27 | E11: 49 | F11: 52 | G11: 40 | H11: 37 | I11: 27 | J11: 34 | K11: 43 | L11: 24 | M11: 31 | N11: 48 | O11: 28 | P11: 50 | Q11: 43 | R11: 41 | S11: 29 | T11: 28 | U11: 20 | V11: 26 | W11: 33 | X11: 25 | Y11: 19 | Z11: 22 | AA11: 37 | AB11: 33 | AC11: 51 | AD11: 19 | AE11: 22 | AF11: =AVERAGE(B11:AE11) -> 33.1
A12: PREFORMA SN 20 GRS CRISTAL | B12: 0 | C12: 0 | D12: 0 | E12: 0 | F12: 0 | G12: 0 | H12: 0 | I12: 0 | J12: 0 | K12: 0 | L12: 0 | M12: 0 | N12: 0 | O12: 0 | P12: 0 | Q12: 0 | R12: 0 | S12: 0 | T12: 0 | U12: 0 | V12: 0 | W12: 0 | X12: 0 | Y12: 0 | Z12: 0 | AA12: 0 | AB12: 0 | AC12: 0 | AD12: 0 | AE12: 0 | AF12: =AVERAGE(B12:AE12) -> 0
A13: TAPA PP ARO DEEP BLUE 90 ML | B13: 0 | C13: 0 | D13: 0 | E13: 0 | F13: 0 | G13: 0 | H13: 0 | I13: 0 | J13: 0 | K13: 0 | L13: 0 | M13: 0 | N13: 0 | O13: 0 | P13: 0 | Q13: 0 | R13: 0 | S13: 0 | T13: 0 | U13: 0 | V13: 0 | W13: 0 | X13: 0 | Y13: 0 | Z13: 0 | AA13: 0 | AB13: 0 | AC13: 0 | AD13: 0 | AE13: 0 | AF13: =AVERAGE(B13:AE13) -> 0
A14: ENVASE 600 BALA ML PET 20 GR | B14: 0 | C14: 0 | D14: 0 | E14: 0 | F14: 0 | G14: 0 | H14: 0 | I14: 0 | J14: 0 | K14: 0 | L14: 0 | M14: 0 | N14: 0 | O14: 0 | P14: 0 | Q14: 0 | R14: 0 | S14: 0 | T14: 0 | U14: 0 | V14: 0 | W14: 0 | X14: 0 | Y14: 0 | Z14: 0 | AA14: 0 | AB14: 0 | AC14: 0 | AD14: 0 | AE14: 0 | AF14: =AVERAGE(B14:AE14) -> 0
... A202: TAPA DETERGENTE AZUL PP | B202: 0 | C202: 0 | D202: 0 | E202: 0 | F202: 0 | G202: 0 | H202: 0 | I202: 0 | J202: 0 | K202: 0 | L202: 0 | M202: 0 | N202: 0 | O202: 0 | P202: 0 | Q202: 0 | R202: 0 | S202: 0 | T202: 0 | U202: 0 | V202: 0 | W202: 0 | X202: 0 | Y202: 0 | Z202: 0 | AA202: 0 | AB202: 0 | AC202: 0 | AD202: 0 | AE202: 0 | AF202: =AVERAGE(B202:AE202) -> 0

Sheet Datos M2
A1: TIEMPO REGISTRADO EN SEGUNDOS POR UNA UNIDAD DE PRODUCTO
A2: PRODUCTO | B2: Registro 1 | C2: Registro 2 | D2: Registro 3 | E2: Registro 4 | F2: Registro 5 | G2: Registro 6 | H2: Registro 7 | I2: Registro 8 | J2: Registro 9 | K2: Registro 10 | L2: Registro 11 | M2: Registro 12 | N2: Registro 13 | O2: Registro 14 | P2: Registro 15 | Q2: Registro 16 | R2: Registro 17 | S2: Registro 18 | T2: Registro 19 | U2: Registro 20 | V2: Registro 21 | W2: Registro 22 | X2: Registro 23 | Y2: Registro 24 | Z2: Registro 25 | AA2: Registro 26 | AB2: Registro 27 | AC2: Registro 28 | AD2: Registro 29 | AE2: Registro 30 | AF2: Promedio
A3: SOBRETAPA SAVILOE 33M | B3: 44 | C3: 61 | D3: 58 | E3: 48 | F3: 76 | G3: 50 | H3: 24 | I3: 50 | J3: 22 | K3: 33 | L3: 60 | M3: 15 | N3: 25 | O3: 30 | P3: 18 | Q3: 34 | R3: 25 | S3: 22 | T3: 22 | U3: 12 | V3: 33 | W3: 73 | X3: 21 | Y3: 21 | Z3: 19 | AA3: 19 | AB3: 18 | AC3: 48 | AD3: 176 | AE3: 20 | AF3: =AVERAGE(B3:AE3) -> 39.233333
A4: MAQUILA ENV 1700 TRANSP CAPRI GEN.NUEVO 41 GR SM | B4: 0 | C4: 0 | D4: 0 | E4: 0 | F4: 0 | G4: 0 | H4: 0 | I4: 0 | J4: 0 | K4: 0 | L4: 0 | M4: 0 | N4: 0 | O4: 0 | P4: 0 | Q4: 0 | R4: 0 | S4: 0 | T4: 0 | U4: 0 | V4: 0 | W4: 0 | X4: 0 | Y4: 0 | Z4: 0 | AA4: 0 | AB4: 0 | AC4: 0 | AD4: 0 | AE4: 0 | AF4: =AVERAGE(B4:AE4) -> 0
A5: MAQUILA ENV 400 CRISTAL 19 GR S.M. PET CAPRI | B5: 20 | C5: 39 | D5: 103 | E5: 76 | F5: 41 | G5: 23 | H5: 41 | I5: 24 | J5: 45 | K5: 39 | L5: 65 | M5: 62 | N5: 94 | O5: 25 | P5: 161 | Q5: 33 | R5: 142 | S5: 38 | T5: 51 | U5: 31 | V5: 18 | W5: 45 | X5: 44 | Y5: 25 | Z5: 14 | AA5: 57 | AB5: 47 | AC5: 84 | AD5: 38 | AE5: 23 | AF5: =AVERAGE(B5:AE5) -> 51.6
A6: SOBRETAPA VV VERDE SF QUALA | B6: 33 | C6: 26 | D6: 23 | E6: 39 | F6: 20 | G6: 33 | H6: 41 | I6: 36 | J6: 69 | K6: 28 | L6: 19 | M6: 83 | N6: 21 | O6: 53 | P6: 40 | Q6: 12 | R6: 40 | S6: 27 | T6: 67 | U6: 42 | V6: 60 | W6: 148 | X6: 25 | Y6: 40 | Z6: 47 | AA6: 150 | AB6: 37 | AC6: 218 | AD6: 57 | AE6: 14 | AF6: =AVERAGE(B6:AE6) -> 51.6
A7: MAQUILA ENV 400 CRISTAL 17 GR S.M. PET CAPRI | B7: 21 | C7: 62 | D7: 84 | E7: 61 | F7: 26 | G7: 99 | H7: 26 | I7: 88 | J7: 111 | K7: 22 | L7: 47 | M7: 44 | N7: 126 | O7: 82 | P7: 40 | Q7: 53 | R7: 118 | S7: 52 | T7: 26 | U7: 53 | V7: 15 | W7: 19 | X7: 45 | Y7: 22 | Z7: 37 | AA7: 76 | AB7: 25 | AC7: 20 | AD7: 149 | AE7: 24 | AF7: =AVERAGE(B7:AE7) -> 55.766667
A8: MAQUILA ENV 1000 PET CAPRI NUEVO 31 GR TRANSP SM | B8: 0 | C8: 0 | D8: 0 | E8: 0 | F8: 0 | G8: 0 | H8: 0 | I8: 0 | J8: 0 | K8: 0 | L8: 0 | M8: 0 | N8: 0 | O8: 0 | P8: 0 | Q8: 0 | R8: 0 | S8: 0 | T8: 0 | U8: 0 | V8: 0 | W8: 0 | X8: 0 | Y8: 0 | Z8: 0 | AA8: 0 | AB8: 0 | AC8: 0 | AD8: 0 | AE8: 0 | AF8: =AVERAGE(B8:AE8) -> 0
A9: MAQULA ENVE 335 CM3 PET PETALOIDE TRANS 18 GR | B9: 32 | C9: 65 | D9: 32 | E9: 55 | F9: 13 | G9: 14 | H9: 18 | I9: 16 | J9: 24 | K9: 53 | L9: 15 | M9: 18 | N9: 14 | O9: 22 | P9: 45 | Q9: 46 | R9: 21 | S9: 70 | T9: 13 | U9: 150 | V9: 27 | W9: 22 | X9: 53 | Y9: 49 | Z9: 22 | AA9: 32 | AB9: 15 | AC9: 63 | AD9: 14 | AE9: 31 | AF9: =AVERAGE(B9:AE9) -> 35.466667
A10: TAPA 28 MM CONICA AMARILLA | B10: 151 | C10: 69 | D10: 21 | E10: 54 | F10: 84 | G10: 27 | H10: 16 | I10: 26 | J10: 20 | K10: 90 | L10: 47 | M10: 54 | N10: 68 | O10: 36 | P10: 34 | Q10: 44 | R10: 56 | S10: 94 | T10: 52 | U10: 88 | V10: 142 | W10: 46 | X10: 145 | Y10: 21 | Z10: 31 | AA10: 17 | AB10: 155 | AC10: 323 | AD10: 61 | AE10: 65 | AF10: =AVERAGE(B10:AE10) -> 71.233333
A11: MAQUILA BOTELLA W240 QUALA | B11: 66 | C11: 39 | D11: 26 | E11: 24 | F11: 42 | G11: 68 | H11: 13 | I11: 74 | J11: 62 | K11: 69 | L11: 111 | M11: 24 | N11: 79 | O11: 28 | P11: 14 | Q11: 50 | R11: 27 | S11: 56 | T11: 47 | U11: 29 | V11: 57 | W11: 34 | X11: 25 | Y11: 42 | Z11: 121 | AA11: 17 | AB11: 27 | AC11: 125 | AD11: 125 | AE11: 62 | AF11: =AVERAGE(B11:AE11) -> 52.766667
A12: PREFORMA SN 20 GRS CRISTAL | B12: 39 | C12: 61 | D12: 23 | E12: 22 | F12: 70 | G12: 25 | H12: 13 | I12: 104 | J12: 17 | K12: 46 | L12: 70 | M12: 32 | N12: 30 | O12: 13 | P12: 31 | Q12: 49 | R12: 29 | S12: 13 | T12: 26 | U12: 40 | V12: 65 | W12: 65 | X12: 33 | Y12: 63 | Z12: 49 | AA12: 31 | AB12: 78 | AC12: 21 | AD12: 60 | AE12: 58 | AF12: =AVERAGE(B12:AE12) -> 42.533333
A13: TAPA PP ARO DEEP BLUE 90 ML | B13: 0 | C13: 0 | D13: 0 | E13: 0 | F13: 0 | G13: 0 | H13: 0 | I13: 0 | J13: 0 | K13: 0 | L13: 0 | M13: 0 | N13: 0 | O13: 0 | P13: 0 | Q13: 0 | R13: 0 | S13: 0 | T13: 0 | U13: 0 | V13: 0 | W13: 0 | X13: 0 | Y13: 0 | Z13: 0 | AA13: 0 | AB13: 0 | AC13: 0 | AD13: 0 | AE13: 0 | AF13: =AVERAGE(B13:AE13) -> 0
A14: ENVASE 600 BALA ML PET 20 GR | B14: 163 | C14: 25 | D14: 57 | E14: 62 | F14: 56 | G14: 44 | H14: 36 | I14: 117 | J14: 17 | K14: 45 | L14: 23 | M14: 47 | N14: 90 | O14: 93 | P14: 22 | Q14: 108 | R14: 68 | S14: 30 | T14: 63 | U14: 63 | V14: 158 | W14: 31 | X14: 57 | Y14: 30 | Z14: 17 | AA14: 83 | AB14: 12 | AC14: 50 | AD14: 56 | AE14: 31 | AF14: =AVERAGE(B14:AE14) -> 58.466667
... A202: TAPA DETERGENTE AZUL PP | B202: 0 | C202: 0 | D202: 0 | E202: 0 | F202: 0 | G202: 0 | H202: 0 | I202: 0 | J202: 0 | K202: 0 | L202: 0 | M202: 0 | N202: 0 | O202: 0 | P202: 0 | Q202: 0 | R202: 0 | S202: 0 | T202: 0 | U202: 0 | V202: 0 | W202: 0 | X202: 0 | Y202: 0 | Z202: 0 | AA202: 0 | AB202: 0 | AC202: 0 | AD202: 0 | AE202: 0 | AF202: =AVERAGE(B202:AE202) -> 0
B203: 15 | C203: 15 | D203: 22 | E203: 40 | F203: 19 | G203: 45 | H203: 35 | I203: 38 | J203: 52 | K203: 55 | L203: 54 | M203: 126 | N203: 17 | O203: 40 | P203: 62 | Q203: 83 | R203: 109 | S203: 43 | T203: 71 | U203: 59 | V203: 103 | W203: 19 | X203: 39 | Y203: 109 | Z203: 31 | AA203: 83 | AB203: 24 | AC203: 143 | AD203: 49 | AE203: 82

Sheet Datos M3
A1: TIEMPO REGISTRADO EN SEGUNDOS POR UNA UNIDAD DE PRODUCTO
A2: PRODUCTO | B2: Registro 1 | C2: Registro 2 | D2: Registro 3 | E2: Registro 4 | F2: Registro 5 | G2: Registro 6 | H2: Registro 7 | I2: Registro 8 | J2: Registro 9 | K2: Registro 10 | L2: Registro 11 | M2: Registro 12 | N2: Registro 13 | O2: Registro 14 | P2: Registro 15 | Q2: Registro 16 | R2: Registro 17 | S2: Registro 18 | T2: Registro 19 | U2: Registro 20 | V2: Registro 21 | W2: Registro 22 | X2: Registro 23 | Y2: Registro 24 | Z2: Registro 25 | AA2: Registro 26 | AB2: Registro 27 | AC2: Registro 28 | AD2: Registro 29 | AE2: Registro 30 | AF2: Promedio
A3: SOBRETAPA SAVILOE 33M | B3: 37 | C3: 37 | D3: 16 | E3: 75 | F3: 130 | G3: 102 | H3: 86 | I3: 15 | J3: 31 | K3: 100 | L3: 42 | M3: 33 | N3: 57 | O3: 141 | P3: 116 | Q3: 12 | R3: 90 | S3: 153 | T3: 46 | U3: 18 | V3: 42 | W3: 27 | X3: 214 | Y3: 19 | Z3: 138 | AA3: 50 | AB3: 57 | AC3: 17 | AD3: 36 | AE3: 150 | AF3: =AVERAGE(B3:AE3) -> 69.566667
A4: MAQUILA ENV 1700 TRANSP CAPRI GEN.NUEVO 41 GR SM | B4: 24 | C4: 24 | D4: 26 | E4: 38 | F4: 14 | G4: 94 | H4: 42 | I4: 59 | J4: 18 | K4: 33 | L4: 44 | M4: 23 | N4: 21 | O4: 26 | P4: 25 | Q4: 40 | R4: 24 | S4: 35 | T4: 66 | U4: 59 | V4: 68 | W4: 31 | X4: 78 | Y4: 101 | Z4: 29 | AA4: 12 | AB4: 19 | AC4: 21 | AD4: 53 | AE4: 28 | AF4: =AVERAGE(B4:AE4) -> 39.166667
A5: MAQUILA ENV 400 CRISTAL 19 GR S.M. PET CAPRI | B5: 20 | C5: 122 | D5: 50 | E5: 74 | F5: 86 | G5: 72 | H5: 18 | I5: 41 | J5: 24 | K5: 43 | L5: 37 | M5: 13 | N5: 150 | O5: 33 | P5: 23 | Q5: 18 | R5: 14 | S5: 109 | T5: 14 | U5: 48 | V5: 17 | W5: 23 | X5: 42 | Y5: 13 | Z5: 54 | AA5: 52 | AB5: 35 | AC5: 23 | AD5: 99 | AE5: 84 | AF5: =AVERAGE(B5:AE5) -> 48.366667
A6: SOBRETAPA VV VERDE SF QUALA | B6: 36 | C6: 14 | D6: 12 | E6: 19 | F6: 113 | G6: 16 | H6: 32 | I6: 47 | J6: 16 | K6: 42 | L6: 24 | M6: 23 | N6: 268 | O6: 244 | P6: 33 | Q6: 109 | R6: 42 | S6: 100 | T6: 34 | U6: 12 | V6: 13 | W6: 64 | X6: 73 | Y6: 122 | Z6: 18 | AA6: 129 | AB6: 13 | AC6: 12 | AD6: 15 | AE6: 18 | AF6: =AVERAGE(B6:AE6) -> 57.1
A7: MAQUILA ENV 400 CRISTAL 17 GR S.M. PET CAPRI | B7: 37 | C7: 172 | D7: 73 | E7: 46 | F7: 21 | G7: 20 | H7: 63 | I7: 60 | J7: 21 | K7: 110 | L7: 63 | M7: 44 | N7: 60 | O7: 12 | P7: 15 | Q7: 35 | R7: 24 | S7: 27 | T7: 75 | U7: 116 | V7: 27 | W7: 159 | X7: 46 | Y7: 32 | Z7: 45 | AA7: 13 | AB7: 29 | AC7: 22 | AD7: 105 | AE7: 46 | AF7: =AVERAGE(B7:AE7) -> 53.933333
A8: MAQUILA ENV 1000 PET CAPRI NUEVO 31 GR TRANSP SM | B8: 50 | C8: 15 | D8: 50 | E8: 99 | F8: 34 | G8: 47 | H8: 71 | I8: 177 | J8: 53 | K8: 95 | L8: 64 | M8: 43 | N8: 165 | O8: 55 | P8: 23 | Q8: 43 | R8: 63 | S8: 96 | T8: 30 | U8: 181 | V8: 96 | W8: 33 | X8: 22 | Y8: 71 | Z8: 12 | AA8: 56 | AB8: 229 | AC8: 51 | AD8: 18 | AE8: 48 | AF8: =AVERAGE(B8:AE8) -> 69.666667
A9: MAQULA ENVE 335 CM3 PET PETALOIDE TRANS 18 GR | B9: 30 | C9: 115 | D9: 17 | E9: 15 | F9: 28 | G9: 30 | H9: 20 | I9: 27 | J9: 77 | K9: 22 | L9: 48 | M9: 61 | N9: 25 | O9: 14 | P9: 28 | Q9: 15 | R9: 37 | S9: 75 | T9: 46 | U9: 144 | V9: 22 | W9: 32 | X9: 31 | Y9: 48 | Z9: 12 | AA9: 79 | AB9: 17 | AC9: 121 | AD9: 36 | AE9: 56 | AF9: =AVERAGE(B9:AE9) -> 44.266667
A10: TAPA 28 MM CONICA AMARILLA | B10: 15 | C10: 106 | D10: 64 | E10: 22 | F10: 38 | G10: 39 | H10: 45 | I10: 88 | J10: 25 | K10: 14 | L10: 40 | M10: 137 | N10: 38 | O10: 50 | P10: 16 | Q10: 23 | R10: 92 | S10: 38 | T10: 38 | U10: 49 | V10: 62 | W10: 58 | X10: 106 | Y10: 25 | Z10: 44 | AA10: 31 | AB10: 12 | AC10: 23 | AD10: 15 | AE10: 66 | AF10: =AVERAGE(B10:AE10) -> 47.3
A11: MAQUILA BOTELLA W240 QUALA | B11: 36 | C11: 79 | D11: 26 | E11: 73 | F11: 42 | G11: 29 | H11: 21 | I11: 17 | J11: 14 | K11: 17 | L11: 14 | M11: 24 | N11: 26 | O11: 13 | P11: 20 | Q11: 28 | R11: 36 | S11: 24 | T11: 101 | U11: 13 | V11: 16 | W11: 49 | X11: 12 | Y11: 85 | Z11: 67 | AA11: 110 | AB11: 25 | AC11: 22 | AD11: 60 | AE11: 104 | AF11: =AVERAGE(B11:AE11) -> 40.1
A12: PREFORMA SN 20 GRS CRISTAL | B12: 12 | C12: 45 | D12: 70 | E12: 75 | F12: 31 | G12: 52 | H12: 72 | I12: 20 | J12: 40 | K12: 54 | L12: 237 | M12: 13 | N12: 28 | O12: 103 | P12: 37 | Q12: 19 | R12: 87 | S12: 46 | T12: 117 | U12: 92 | V12: 17 | W12: 23 | X12: 23 | Y12: 20 | Z12: 17 | AA12: 49 | AB12: 39 | AC12: 44 | AD12: 35 | AE12: 26 | AF12: =AVERAGE(B12:AE12) -> 51.433333
A13: TAPA PP ARO DEEP BLUE 90 ML | B13: 27 | C13: 15 | D13: 36 | E13: 21 | F13: 22 | G13: 13 | H13: 82 | I13: 35 | J13: 49 | K13: 69 | L13: 213 | M13: 141 | N13: 56 | O13: 23 | P13: 109 | Q13: 47 | R13: 34 | S13: 23 | T13: 24 | U13: 82 | V13: 70 | W13: 34 | X13: 23 | Y13: 149 | Z13: 59 | AA13: 38 | AB13: 58 | AC13: 111 | AD13: 36 | AE13: 106 | AF13: =AVERAGE(B13:AE13) -> 60.166667
A14: ENVASE 600 BALA ML PET 20 GR | B14: 13 | C14: 51 | D14: 23 | E14: 136 | F14: 40 | G14: 50 | H14: 20 | I14: 31 | J14: 103 | K14: 73 | L14: 42 | M14: 24 | N14: 250 | O14: 81 | P14: 77 | Q14: 29 | R14: 84 | S14: 16 | T14: 37 | U14: 25 | V14: 22 | W14: 74 | X14: 66 | Y14: 48 | Z14: 34 | AA14: 30 | AB14: 18 | AC14: 14 | AD14: 72 | AE14: 23 | AF14: =AVERAGE(B14:AE14) -> 53.533333
... A202: TAPA DETERGENTE AZUL PP | B202: 26 | C202: 167 | D202: 48 | E202: 27 | F202: 147 | G202: 136 | H202: 52 | I202: 25 | J202: 12 | K202: 36 | L202: 104 | M202: 64 | N202: 147 | O202: 37 | P202: 13 | Q202: 169 | R202: 19 | S202: 15 | T202: 14 | U202: 71 | V202: 59 | W202: 25 | X202: 27 | Y202: 78 | Z202: 68 | AA202: 12 | AB202: 14 | AC202: 91 | AD202: 150 | AE202: 54 | AF202: =AVERAGE(B202:AE202) -> 63.566667
B203: 0 | C203: 0 | D203: 0 | E203: 0 | F203: 0 | G203: 0 | H203: 0 | I203: 0 | J203: 0 | K203: 0 | L203: 0 | M203: 0 | N203: 0 | O203: 0 | P203: 0 | Q203: 0 | R203: 0 | S203: 0 | T203: 0 | U203: 0 | V203: 0 | W203: 0 | X203: 0 | Y203: 0 | Z203: 0 | AA203: 0 | AB203: 0 | AC203: 0 | AD203: 0 | AE203: 0

Sheet Datos M4
A1: TIEMPO REGISTRADO EN SEGUNDOS POR UNA UNIDAD DE PRODUCTO
A2: PRODUCTO | B2: Registro 1 | C2: Registro 2 | D2: Registro 3 | E2: Registro 4 | F2: Registro 5 | G2: Registro 6 | H2: Registro 7 | I2: Registro 8 | J2: Registro 9 | K2: Registro 10 | L2: Registro 11 | M2: Registro 12 | N2: Registro 13 | O2: Registro 14 | P2: Registro 15 | Q2: Registro 16 | R2: Registro 17 | S2: Registro 18 | T2: Registro 19 | U2: Registro 20 | V2: Registro 21 | W2: Registro 22 | X2: Registro 23 | Y2: Registro 24 | Z2: Registro 25 | AA2: Registro 26 | AB2: Registro 27 | AC2: Registro 28 | AD2: Registro 29 | AE2: Registro 30 | AF2: Promedio
A3: SOBRETAPA SAVILOE 33M | B3: 0 | C3: 0 | D3: 0 | E3: 0 | F3: 0 | G3: 0 | H3: 0 | I3: 0 | J3: 0 | K3: 0 | L3: 0 | M3: 0 | N3: 0 | O3: 0 | P3: 0 | Q3: 0 | R3: 0 | S3: 0 | T3: 0 | U3: 0 | V3: 0 | W3: 0 | X3: 0 | Y3: 0 | Z3: 0 | AA3: 0 | AB3: 0 | AC3: 0 | AD3: 0 | AE3: 0 | AF3: =AVERAGE(B3:AE3) -> 0
A4: MAQUILA ENV 1700 TRANSP CAPRI GEN.NUEVO 41 GR SM | B4: 0 | C4: 0 | D4: 0 | E4: 0 | F4: 0 | G4: 0 | H4: 0 | I4: 0 | J4: 0 | K4: 0 | L4: 0 | M4: 0 | N4: 0 | O4: 0 | P4: 0 | Q4: 0 | R4: 0 | S4: 0 | T4: 0 | U4: 0 | V4: 0 | W4: 0 | X4: 0 | Y4: 0 | Z4: 0 | AA4: 0 | AB4: 0 | AC4: 0 | AD4: 0 | AE4: 0 | AF4: =AVERAGE(B4:AE4) -> 0
A5: MAQUILA ENV 400 CRISTAL 19 GR S.M. PET CAPRI | B5: 0 | C5: 0 | D5: 0 | E5: 0 | F5: 0 | G5: 0 | H5: 0 | I5: 0 | J5: 0 | K5: 0 | L5: 0 | M5: 0 | N5: 0 | O5: 0 | P5: 0 | Q5: 0 | R5: 0 | S5: 0 | T5: 0 | U5: 0 | V5: 0 | W5: 0 | X5: 0 | Y5: 0 | Z5: 0 | AA5: 0 | AB5: 0 | AC5: 0 | AD5: 0 | AE5: 0 | AF5: =AVERAGE(B5:AE5) -> 0
A6: SOBRETAPA VV VERDE SF QUALA | B6: 0 | C6: 0 | D6: 0 | E6: 0 | F6: 0 | G6: 0 | H6: 0 | I6: 0 | J6: 0 | K6: 0 | L6: 0 | M6: 0 | N6: 0 | O6: 0 | P6: 0 | Q6: 0 | R6: 0 | S6: 0 | T6: 0 | U6: 0 | V6: 0 | W6: 0 | X6: 0 | Y6: 0 | Z6: 0 | AA6: 0 | AB6: 0 | AC6: 0 | AD6: 0 | AE6: 0 | AF6: =AVERAGE(B6:AE6) -> 0
A7: MAQUILA ENV 400 CRISTAL 17 GR S.M. PET CAPRI | B7: 0 | C7: 0 | D7: 0 | E7: 0 | F7: 0 | G7: 0 | H7: 0 | I7: 0 | J7: 0 | K7: 0 | L7: 0 | M7: 0 | N7: 0 | O7: 0 | P7: 0 | Q7: 0 | R7: 0 | S7: 0 | T7: 0 | U7: 0 | V7: 0 | W7: 0 | X7: 0 | Y7: 0 | Z7: 0 | AA7: 0 | AB7: 0 | AC7: 0 | AD7: 0 | AE7: 0 | AF7: =AVERAGE(B7:AE7) -> 0
A8: MAQUILA ENV 1000 PET CAPRI NUEVO 31 GR TRANSP SM | B8: 0 | C8: 0 | D8: 0 | E8: 0 | F8: 0 | G8: 0 | H8: 0 | I8: 0 | J8: 0 | K8: 0 | L8: 0 | M8: 0 | N8: 0 | O8: 0 | P8: 0 | Q8: 0 | R8: 0 | S8: 0 | T8: 0 | U8: 0 | V8: 0 | W8: 0 | X8: 0 | Y8: 0 | Z8: 0 | AA8: 0 | AB8: 0 | AC8: 0 | AD8: 0 | AE8: 0 | AF8: =AVERAGE(B8:AE8) -> 0
A9: MAQULA ENVE 335 CM3 PET PETALOIDE TRANS 18 GR | B9: 0 | C9: 0 | D9: 0 | E9: 0 | F9: 0 | G9: 0 | H9: 0 | I9: 0 | J9: 0 | K9: 0 | L9: 0 | M9: 0 | N9: 0 | O9: 0 | P9: 0 | Q9: 0 | R9: 0 | S9: 0 | T9: 0 | U9: 0 | V9: 0 | W9: 0 | X9: 0 | Y9: 0 | Z9: 0 | AA9: 0 | AB9: 0 | AC9: 0 | AD9: 0 | AE9: 0 | AF9: =AVERAGE(B9:AE9) -> 0
A10: TAPA 28 MM CONICA AMARILLA | B10: 0 | C10: 0 | D10: 0 | E10: 0 | F10: 0 | G10: 0 | H10: 0 | I10: 0 | J10: 0 | K10: 0 | L10: 0 | M10: 0 | N10: 0 | O10: 0 | P10: 0 | Q10: 0 | R10: 0 | S10: 0 | T10: 0 | U10: 0 | V10: 0 | W10: 0 | X10: 0 | Y10: 0 | Z10: 0 | AA10: 0 | AB10: 0 | AC10: 0 | AD10: 0 | AE10: 0 | AF10: =AVERAGE(B10:AE10) -> 0
A11: MAQUILA BOTELLA W240 QUALA | B11: 0 | C11: 0 | D11: 0 | E11: 0 | F11: 0 | G11: 0 | H11: 0 | I11: 0 | J11: 0 | K11: 0 | L11: 0 | M11: 0 | N11: 0 | O11: 0 | P11: 0 | Q11: 0 | R11: 0 | S11: 0 | T11: 0 | U11: 0 | V11: 0 | W11: 0 | X11: 0 | Y11: 0 | Z11: 0 | AA11: 0 | AB11: 0 | AC11: 0 | AD11: 0 | AE11: 0 | AF11: =AVERAGE(B11:AE11) -> 0
A12: PREFORMA SN 20 GRS CRISTAL | B12: 0 | C12: 0 | D12: 0 | E12: 0 | F12: 0 | G12: 0 | H12: 0 | I12: 0 | J12: 0 | K12: 0 | L12: 0 | M12: 0 | N12: 0 | O12: 0 | P12: 0 | Q12: 0 | R12: 0 | S12: 0 | T12: 0 | U12: 0 | V12: 0 | W12: 0 | X12: 0 | Y12: 0 | Z12: 0 | AA12: 0 | AB12: 0 | AC12: 0 | AD12: 0 | AE12: 0 | AF12: =AVERAGE(B12:AE12) -> 0
A13: TAPA PP ARO DEEP BLUE 90 ML | B13: 0 | C13: 0 | D13: 0 | E13: 0 | F13: 0 | G13: 0 | H13: 0 | I13: 0 | J13: 0 | K13: 0 | L13: 0 | M13: 0 | N13: 0 | O13: 0 | P13: 0 | Q13: 0 | R13: 0 | S13: 0 | T13: 0 | U13: 0 | V13: 0 | W13: 0 | X13: 0 | Y13: 0 | Z13: 0 | AA13: 0 | AB13: 0 | AC13: 0 | AD13: 0 | AE13: 0 | AF13: =AVERAGE(B13:AE13) -> 0
A14: ENVASE 600 BALA ML PET 20 GR | B14: 0 | C14: 0 | D14: 0 | E14: 0 | F14: 0 | G14: 0 | H14: 0 | I14: 0 | J14: 0 | K14: 0 | L14: 0 | M14: 0 | N14: 0 | O14: 0 | P14: 0 | Q14: 0 | R14: 0 | S14: 0 | T14: 0 | U14: 0 | V14: 0 | W14: 0 | X14: 0 | Y14: 0 | Z14: 0 | AA14: 0 | AB14: 0 | AC14: 0 | AD14: 0 | AE14: 0 | AF14: =AVERAGE(B14:AE14) -> 0
... A202: TAPA DETERGENTE AZUL PP | B202: 0 | C202: 0 | D202: 0 | E202: 0 | F202: 0 | G202: 0 | H202: 0 | I202: 0 | J202: 0 | K202: 0 | L202: 0 | M202: 0 | N202: 0 | O202: 0 | P202: 0 | Q202: 0 | R202: 0 | S202: 0 | T202: 0 | U202: 0 | V202: 0 | W202: 0 | X202: 0 | Y202: 0 | Z202: 0 | AA202: 0 | AB202: 0 | AC202: 0 | AD202: 0 | AE202: 0 | AF202: =AVERAGE(B202:AE202) -> 0
B203: 98 | C203: 73 | D203: 50 | E203: 22 | F203: 42 | G203: 85 | H203: 26 | I203: 48 | J203: 14 | K203: 13 | L203: 13 | M203: 42 | N203: 44 | O203: 31 | P203: 39 | Q203: 39 | R203: 17 | S203: 12 | T203: 24 | U203: 30 | V203: 13 | W203: 19 | X203: 39 | Y203: 16 | Z203: 110 | AA203: 14 | AB203: 13 | AC203: 15 | AD203: 38 | AE203: 39

Sheet Datos M5
A1: TIEMPO REGISTRADO EN SEGUNDOS POR UNA UNIDAD DE PRODUCTO
A2: PRODUCTO | B2: Registro 1 | C2: Registro 2 | D2: Registro 3 | E2: Registro 4 | F2: Registro 5 | G2: Registro 6 | H2: Registro 7 | I2: Registro 8 | J2: Registro 9 | K2: Registro 10 | L2: Registro 11 | M2: Registro 12 | N2: Registro 13 | O2: Registro 14 | P2: Registro 15 | Q2: Registro 16 | R2: Registro 17 | S2: Registro 18 | T2: Registro 19 | U2: Registro 20 | V2: Registro 21 | W2: Registro 22 | X2: Registro 23 | Y2: Registro 24 | Z2: Registro 25 | AA2: Registro 26 | AB2: Registro 27 | AC2: Registro 28 | AD2: Registro 29 | AE2: Registro 30 | AF2: Promedio
A3: SOBRETAPA SAVILOE 33M | B3: 0 | C3: 0 | D3: 0 | E3: 0 | F3: 0 | G3: 0 | H3: 0 | I3: 0 | J3: 0 | K3: 0 | L3: 0 | M3: 0 | N3: 0 | O3: 0 | P3: 0 | Q3: 0 | R3: 0 | S3: 0 | T3: 0 | U3: 0 | V3: 0 | W3: 0 | X3: 0 | Y3: 0 | Z3: 0 | AA3: 0 | AB3: 0 | AC3: 0 | AD3: 0 | AE3: 0 | AF3: =AVERAGE(B3:AE3) -> 0
A4: MAQUILA ENV 1700 TRANSP CAPRI GEN.NUEVO 41 GR SM | B4: 0 | C4: 0 | D4: 0 | E4: 0 | F4: 0 | G4: 0 | H4: 0 | I4: 0 | J4: 0 | K4: 0 | L4: 0 | M4: 0 | N4: 0 | O4: 0 | P4: 0 | Q4: 0 | R4: 0 | S4: 0 | T4: 0 | U4: 0 | V4: 0 | W4: 0 | X4: 0 | Y4: 0 | Z4: 0 | AA4: 0 | AB4: 0 | AC4: 0 | AD4: 0 | AE4: 0 | AF4: =AVERAGE(B4:AE4) -> 0
A5: MAQUILA ENV 400 CRISTAL 19 GR S.M. PET CAPRI | B5: 0 | C5: 0 | D5: 0 | E5: 0 | F5: 0 | G5: 0 | H5: 0 | I5: 0 | J5: 0 | K5: 0 | L5: 0 | M5: 0 | N5: 0 | O5: 0 | P5: 0 | Q5: 0 | R5: 0 | S5: 0 | T5: 0 | U5: 0 | V5: 0 | W5: 0 | X5: 0 | Y5: 0 | Z5: 0 | AA5: 0 | AB5: 0 | AC5: 0 | AD5: 0 | AE5: 0 | AF5: =AVERAGE(B5:AE5) -> 0
A6: SOBRETAPA VV VERDE SF QUALA | B6: 0 | C6: 0 | D6: 0 | E6: 0 | F6: 0 | G6: 0 | H6: 0 | I6: 0 | J6: 0 | K6: 0 | L6: 0 | M6: 0 | N6: 0 | O6: 0 | P6: 0 | Q6: 0 | R6: 0 | S6: 0 | T6: 0 | U6: 0 | V6: 0 | W6: 0 | X6: 0 | Y6: 0 | Z6: 0 | AA6: 0 | AB6: 0 | AC6: 0 | AD6: 0 | AE6: 0 | AF6: =AVERAGE(B6:AE6) -> 0
A7: MAQUILA ENV 400 CRISTAL 17 GR S.M. PET CAPRI | B7: 24 | C7: 14 | D7: 23 | E7: 15 | F7: 57 | G7: 38 | H7: 19 | I7: 31 | J7: 23 | K7: 16 | L7: 17 | M7: 42 | N7: 19 | O7: 45 | P7: 12 | Q7: 134 | R7: 100 | S7: 13 | T7: 40 | U7: 16 | V7: 25 | W7: 35 | X7: 28 | Y7: 21 | Z7: 20 | AA7: 59 | AB7: 31 | AC7: 25 | AD7: 43 | AE7: 27 | AF7: =AVERAGE(B7:AE7) -> 33.733333
A8: MAQUILA ENV 1000 PET CAPRI NUEVO 31 GR TRANSP SM | B8: 0 | C8: 0 | D8: 0 | E8: 0 | F8: 0 | G8: 0 | H8: 0 | I8: 0 | J8: 0 | K8: 0 | L8: 0 | M8: 0 | N8: 0 | O8: 0 | P8: 0 | Q8: 0 | R8: 0 | S8: 0 | T8: 0 | U8: 0 | V8: 0 | W8: 0 | X8: 0 | Y8: 0 | Z8: 0 | AA8: 0 | AB8: 0 | AC8: 0 | AD8: 0 | AE8: 0 | AF8: =AVERAGE(B8:AE8) -> 0
A9: MAQULA ENVE 335 CM3 PET PETALOIDE TRANS 18 GR | B9: 0 | C9: 0 | D9: 0 | E9: 0 | F9: 0 | G9: 0 | H9: 0 | I9: 0 | J9: 0 | K9: 0 | L9: 0 | M9: 0 | N9: 0 | O9: 0 | P9: 0 | Q9: 0 | R9: 0 | S9: 0 | T9: 0 | U9: 0 | V9: 0 | W9: 0 | X9: 0 | Y9: 0 | Z9: 0 | AA9: 0 | AB9: 0 | AC9: 0 | AD9: 0 | AE9: 0 | AF9: =AVERAGE(B9:AE9) -> 0
A10: TAPA 28 MM CONICA AMARILLA | B10: 0 | C10: 0 | D10: 0 | E10: 0 | F10: 0 | G10: 0 | H10: 0 | I10: 0 | J10: 0 | K10: 0 | L10: 0 | M10: 0 | N10: 0 | O10: 0 | P10: 0 | Q10: 0 | R10: 0 | S10: 0 | T10: 0 | U10: 0 | V10: 0 | W10: 0 | X10: 0 | Y10: 0 | Z10: 0 | AA10: 0 | AB10: 0 | AC10: 0 | AD10: 0 | AE10: 0 | AF10: =AVERAGE(B10:AE10) -> 0
A11: MAQUILA BOTELLA W240 QUALA | B11: 0 | C11: 0 | D11: 0 | E11: 0 | F11: 0 | G11: 0 | H11: 0 | I11: 0 | J11: 0 | K11: 0 | L11: 0 | M11: 0 | N11: 0 | O11: 0 | P11: 0 | Q11: 0 | R11: 0 | S11: 0 | T11: 0 | U11: 0 | V11: 0 | W11: 0 | X11: 0 | Y11: 0 | Z11: 0 | AA11: 0 | AB11: 0 | AC11: 0 | AD11: 0 | AE11: 0 | AF11: =AVERAGE(B11:AE11) -> 0
A12: PREFORMA SN 20 GRS CRISTAL | B12: 0 | C12: 0 | D12: 0 | E12: 0 | F12: 0 | G12: 0 | H12: 0 | I12: 0 | J12: 0 | K12: 0 | L12: 0 | M12: 0 | N12: 0 | O12: 0 | P12: 0 | Q12: 0 | R12: 0 | S12: 0 | T12: 0 | U12: 0 | V12: 0 | W12: 0 | X12: 0 | Y12: 0 | Z12: 0 | AA12: 0 | AB12: 0 | AC12: 0 | AD12: 0 | AE12: 0 | AF12: =AVERAGE(B12:AE12) -> 0
A13: TAPA PP ARO DEEP BLUE 90 ML | B13: 0 | C13: 0 | D13: 0 | E13: 0 | F13: 0 | G13: 0 | H13: 0 | I13: 0 | J13: 0 | K13: 0 | L13: 0 | M13: 0 | N13: 0 | O13: 0 | P13: 0 | Q13: 0 | R13: 0 | S13: 0 | T13: 0 | U13: 0 | V13: 0 | W13: 0 | X13: 0 | Y13: 0 | Z13: 0 | AA13: 0 | AB13: 0 | AC13: 0 | AD13: 0 | AE13: 0 | AF13: =AVERAGE(B13:AE13) -> 0
A14: ENVASE 600 BALA ML PET 20 GR | B14: 0 | C14: 0 | D14: 0 | E14: 0 | F14: 0 | G14: 0 | H14: 0 | I14: 0 | J14: 0 | K14: 0 | L14: 0 | M14: 0 | N14: 0 | O14: 0 | P14: 0 | Q14: 0 | R14: 0 | S14: 0 | T14: 0 | U14: 0 | V14: 0 | W14: 0 | X14: 0 | Y14: 0 | Z14: 0 | AA14: 0 | AB14: 0 | AC14: 0 | AD14: 0 | AE14: 0 | AF14: =AVERAGE(B14:AE14) -> 0
... A202: TAPA DETERGENTE AZUL PP | B202: 14 | C202: 12 | D202: 13 | E202: 30 | F202: 26 | G202: 62 | H202: 95 | I202: 56 | J202: 20 | K202: 51 | L202: 36 | M202: 32 | N202: 14 | O202: 29 | P202: 47 | Q202: 57 | R202: 50 | S202: 12 | T202: 162 | U202: 15 | V202: 59 | W202: 19 | X202: 27 | Y202: 19 | Z202: 42 | AA202: 13 | AB202: 42 | AC202: 20 | AD202: 40 | AE202: 40 | AF202: =AVERAGE(B202:AE202) -> 38.466667
B203: 0 | C203: 0 | D203: 0 | E203: 0 | F203: 0 | G203: 0 | H203: 0 | I203: 0 | J203: 0 | K203: 0 | L203: 0 | M203: 0 | N203: 0 | O203: 0 | P203: 0 | Q203: 0 | R203: 0 | S203: 0 | T203: 0 | U203: 0 | V203: 0 | W203: 0 | X203: 0 | Y203: 0 | Z203: 0 | AA203: 0 | AB203: 0 | AC203: 0 | AD203: 0 | AE203: 0

Sheet Datos M6
A1: TIEMPO REGISTRADO EN SEGUNDOS POR UNA UNIDAD DE PRODUCTO
A2: PRODUCTO | B2: Registro 1 | C2: Registro 2 | D2: Registro 3 | E2: Registro 4 | F2: Registro 5 | G2: Registro 6 | H2: Registro 7 | I2: Registro 8 | J2: Registro 9 | K2: Registro 10 | L2: Registro 11 | M2: Registro 12 | N2: Registro 13 | O2: Registro 14 | P2: Registro 15 | Q2: Registro 16 | R2: Registro 17 | S2: Registro 18 | T2: Registro 19 | U2: Registro 20 | V2: Registro 21 | W2: Registro 22 | X2: Registro 23 | Y2: Registro 24 | Z2: Registro 25 | AA2: Registro 26 | AB2: Registro 27 | AC2: Registro 28 | AD2: Registro 29 | AE2: Registro 30 | AF2: Promedio
A3: SOBRETAPA SAVILOE 33M | B3: 12 | C3: 60 | D3: 26 | E3: 62 | F3: 37 | G3: 38 | H3: 45 | I3: 37 | J3: 35 | K3: 20 | L3: 74 | M3: 18 | N3: 65 | O3: 30 | P3: 51 | Q3: 19 | R3: 22 | S3: 64 | T3: 79 | U3: 13 | V3: 32 | W3: 27 | X3: 56 | Y3: 27 | Z3: 44 | AA3: 14 | AB3: 29 | AC3: 36 | AD3: 80 | AE3: 181 | AF3: =AVERAGE(B3:AE3) -> 44.433333
A4: MAQUILA ENV 1700 TRANSP CAPRI GEN.NUEVO 41 GR SM | B4: 0 | C4: 0 | D4: 0 | E4: 0 | F4: 0 | G4: 0 | H4: 0 | I4: 0 | J4: 0 | K4: 0 | L4: 0 | M4: 0 | N4: 0 | O4: 0 | P4: 0 | Q4: 0 | R4: 0 | S4: 0 | T4: 0 | U4: 0 | V4: 0 | W4: 0 | X4: 0 | Y4: 0 | Z4: 0 | AA4: 0 | AB4: 0 | AC4: 0 | AD4: 0 | AE4: 0 | AF4: =AVERAGE(B4:AE4) -> 0
A5: MAQUILA ENV 400 CRISTAL 19 GR S.M. PET CAPRI | B5: 30 | C5: 23 | D5: 20 | E5: 44 | F5: 66 | G5: 53 | H5: 22 | I5: 29 | J5: 31 | K5: 66 | L5: 79 | M5: 20 | N5: 12 | O5: 49 | P5: 14 | Q5: 55 | R5: 19 | S5: 19 | T5: 135 | U5: 34 | V5: 17 | W5: 48 | X5: 193 | Y5: 12 | Z5: 72 | AA5: 78 | AB5: 49 | AC5: 14 | AD5: 79 | AE5: 89 | AF5: =AVERAGE(B5:AE5) -> 49.033333
A6: SOBRETAPA VV VERDE SF QUALA | B6: 78 | C6: 93 | D6: 29 | E6: 13 | F6: 34 | G6: 79 | H6: 66 | I6: 148 | J6: 15 | K6: 72 | L6: 15 | M6: 17 | N6: 93 | O6: 274 | P6: 15 | Q6: 103 | R6: 143 | S6: 28 | T6: 16 | U6: 53 | V6: 33 | W6: 52 | X6: 25 | Y6: 48 | Z6: 84 | AA6: 39 | AB6: 30 | AC6: 18 | AD6: 12 | AE6: 15 | AF6: =AVERAGE(B6:AE6) -> 58
A7: MAQUILA ENV 400 CRISTAL 17 GR S.M. PET CAPRI | B7: 27 | C7: 81 | D7: 39 | E7: 100 | F7: 39 | G7: 17 | H7: 19 | I7: 101 | J7: 16 | K7: 92 | L7: 31 | M7: 16 | N7: 78 | O7: 75 | P7: 25 | Q7: 26 | R7: 45 | S7: 57 | T7: 27 | U7: 46 | V7: 41 | W7: 33 | X7: 75 | Y7: 36 | Z7: 23 | AA7: 22 | AB7: 22 | AC7: 75 | AD7: 52 | AE7: 37 | AF7: =AVERAGE(B7:AE7) -> 45.766667
A8: MAQUILA ENV 1000 PET CAPRI NUEVO 31 GR TRANSP SM | B8: 67 | C8: 37 | D8: 33 | E8: 13 | F8: 24 | G8: 16 | H8: 13 | I8: 14 | J8: 47 | K8: 55 | L8: 26 | M8: 20 | N8: 31 | O8: 20 | P8: 37 | Q8: 13 | R8: 28 | S8: 45 | T8: 25 | U8: 65 | V8: 146 | W8: 58 | X8: 29 | Y8: 18 | Z8: 19 | AA8: 102 | AB8: 18 | AC8: 32 | AD8: 31 | AE8: 48 | AF8: =AVERAGE(B8:AE8) -> 37.666667
A9: MAQULA ENVE 335 CM3 PET PETALOIDE TRANS 18 GR | B9: 25 | C9: 19 | D9: 18 | E9: 35 | F9: 13 | G9: 87 | H9: 152 | I9: 20 | J9: 35 | K9: 110 | L9: 27 | M9: 53 | N9: 20 | O9: 16 | P9: 44 | Q9: 109 | R9: 119 | S9: 77 | T9: 73 | U9: 132 | V9: 44 | W9: 214 | X9: 24 | Y9: 35 | Z9: 33 | AA9: 27 | AB9: 17 | AC9: 23 | AD9: 17 | AE9: 14 | AF9: =AVERAGE(B9:AE9) -> 54.4
A10: TAPA 28 MM CONICA AMARILLA | B10: 14 | C10: 29 | D10: 14 | E10: 120 | F10: 80 | G10: 69 | H10: 204 | I10: 78 | J10: 130 | K10: 35 | L10: 121 | M10: 100 | N10: 29 | O10: 32 | P10: 84 | Q10: 44 | R10: 147 | S10: 17 | T10: 116 | U10: 18 | V10: 60 | W10: 42 | X10: 43 | Y10: 66 | Z10: 29 | AA10: 20 | AB10: 65 | AC10: 62 | AD10: 87 | AE10: 80 | AF10: =AVERAGE(B10:AE10) -> 67.833333
A11: MAQUILA BOTELLA W240 QUALA | B11: 29 | C11: 92 | D11: 173 | E11: 26 | F11: 98 | G11: 56 | H11: 50 | I11: 156 | J11: 52 | K11: 81 | L11: 139 | M11: 121 | N11: 17 | O11: 34 | P11: 74 | Q11: 41 | R11: 43 | S11: 20 | T11: 26 | U11: 38 | V11: 67 | W11: 85 | X11: 55 | Y11: 69 | Z11: 202 | AA11: 34 | AB11: 12 | AC11: 33 | AD11: 17 | AE11: 37 | AF11: =AVERAGE(B11:AE11) -> 65.9
A12: PREFORMA SN 20 GRS CRISTAL | B12: 18 | C12: 68 | D12: 36 | E12: 41 | F12: 32 | G12: 57 | H12: 35 | I12: 43 | J12: 62 | K12: 138 | L12: 108 | M12: 43 | N12: 209 | O12: 133 | P12: 13 | Q12: 30 | R12: 16 | S12: 48 | T12: 32 | U12: 118 | V12: 107 | W12: 97 | X12: 110 | Y12: 77 | Z12: 62 | AA12: 99 | AB12: 120 | AC12: 13 | AD12: 220 | AE12: 61 | AF12: =AVERAGE(B12:AE12) -> 74.866667
A13: TAPA PP ARO DEEP BLUE 90 ML | B13: 45 | C13: 373 | D13: 32 | E13: 38 | F13: 30 | G13: 19 | H13: 13 | I13: 27 | J13: 22 | K13: 33 | L13: 21 | M13: 70 | N13: 14 | O13: 16 | P13: 51 | Q13: 99 | R13: 79 | S13: 21 | T13: 14 | U13: 27 | V13: 51 | W13: 80 | X13: 14 | Y13: 132 | Z13: 19 | AA13: 30 | AB13: 81 | AC13: 28 | AD13: 79 | AE13: 62 | AF13: =AVERAGE(B13:AE13) -> 54
A14: ENVASE 600 BALA ML PET 20 GR | B14: 20 | C14: 297 | D14: 20 | E14: 65 | F14: 41 | G14: 16 | H14: 43 | I14: 84 | J14: 19 | K14: 119 | L14: 37 | M14: 129 | N14: 32 | O14: 29 | P14: 218 | Q14: 14 | R14: 268 | S14: 73 | T14: 172 | U14: 27 | V14: 20 | W14: 30 | X14: 66 | Y14: 153 | Z14: 232 | AA14: 137 | AB14: 66 | AC14: 30 | AD14: 128 | AE14: 47 | AF14: =AVERAGE(B14:AE14) -> 87.733333
... A202: TAPA DETERGENTE AZUL PP | B202: 37 | C202: 42 | D202: 18 | E202: 46 | F202: 13 | G202: 55 | H202: 21 | I202: 61 | J202: 21 | K202: 86 | L202: 64 | M202: 13 | N202: 31 | O202: 55 | P202: 109 | Q202: 14 | R202: 22 | S202: 20 | T202: 61 | U202: 21 | V202: 19 | W202: 30 | X202: 16 | Y202: 70 | Z202: 52 | AA202: 46 | AB202: 12 | AC202: 50 | AD202: 14 | AE202: 89 | AF202: =AVERAGE(B202:AE202) -> 40.266667
B203: 22 | C203: 47 | D203: 28 | E203: 12 | F203: 43 | G203: 12 | H203: 83 | I203: 35 | J203: 32 | K203: 19 | L203: 117 | M203: 45 | N203: 13 | O203: 114 | P203: 48 | Q203: 31 | R203: 46 | S203: 56 | T203: 57 | U203: 140 | V203: 54 | W203: 38 | X203: 61 | Y203: 28 | Z203: 29 | AA203: 76 | AB203: 58 | AC203: 79 | AD203: 52 | AE203: 16

Sheet Datos M7
A1: TIEMPO REGISTRADO EN SEGUNDOS POR UNA UNIDAD DE PRODUCTO
A2: PRODUCTO | B2: Registro 1 | C2: Registro 2 | D2: Registro 3 | E2: Registro 4 | F2: Registro 5 | G2: Registro 6 | H2: Registro 7 | I2: Registro 8 | J2: Registro 9 | K2: Registro 10 | L2: Registro 11 | M2: Registro 12 | N2: Registro 13 | O2: Registro 14 | P2: Registro 15 | Q2: Registro 16 | R2: Registro 17 | S2: Registro 18 | T2: Registro 19 | U2: Registro 20 | V2: Registro 21 | W2: Registro 22 | X2: Registro 23 | Y2: Registro 24 | Z2: Registro 25 | AA2: Registro 26 | AB2: Registro 27 | AC2: Registro 28 | AD2: Registro 29 | AE2: Registro 30 | AF2: Promedio
A3: SOBRETAPA SAVILOE 33M | B3: 84 | C3: 12 | D3: 65 | E3: 43 | F3: 19 | G3: 38 | H3: 131 | I3: 24 | J3: 28 | K3: 83 | L3: 17 | M3: 23 | N3: 26 | O3: 12 | P3: 25 | Q3: 14 | R3: 25 | S3: 19 | T3: 29 | U3: 42 | V3: 24 | W3: 33 | X3: 41 | Y3: 28 | Z3: 21 | AA3: 52 | AB3: 40 | AC3: 50 | AD3: 25 | AE3: 42 | AF3: =AVERAGE(B3:AE3) -> 37.166667
A4: MAQUILA ENV 1700 TRANSP CAPRI GEN.NUEVO 41 GR SM | B4: 54 | C4: 84 | D4: 31 | E4: 55 | F4: 83 | G4: 16 | H4: 25 | I4: 74 | J4: 39 | K4: 26 | L4: 24 | M4: 24 | N4: 23 | O4: 43 | P4: 28 | Q4: 75 | R4: 51 | S4: 16 | T4: 32 | U4: 79 | V4: 25 | W4: 55 | X4: 33 | Y4: 57 | Z4: 34 | AA4: 76 | AB4: 81 | AC4: 23 | AD4: 16 | AE4: 21 | AF4: =AVERAGE(B4:AE4) -> 43.433333
A5: MAQUILA ENV 400 CRISTAL 19 GR S.M. PET CAPRI | B5: 40 | C5: 20 | D5: 26 | E5: 101 | F5: 76 | G5: 75 | H5: 66 | I5: 13 | J5: 69 | K5: 85 | L5: 86 | M5: 68 | N5: 19 | O5: 13 | P5: 12 | Q5: 29 | R5: 52 | S5: 22 | T5: 17 | U5: 101 | V5: 32 | W5: 12 | X5: 12 | Y5: 18 | Z5: 38 | AA5: 39 | AB5: 21 | AC5: 12 | AD5: 26 | AE5: 57 | AF5: =AVERAGE(B5:AE5) -> 41.9
A6: SOBRETAPA VV VERDE SF QUALA | B6: 66 | C6: 30 | D6: 32 | E6: 42 | F6: 79 | G6: 91 | H6: 135 | I6: 86 | J6: 94 | K6: 32 | L6: 29 | M6: 24 | N6: 59 | O6: 75 | P6: 374 | Q6: 70 | R6: 110 | S6: 147 | T6: 151 | U6: 45 | V6: 111 | W6: 26 | X6: 64 | Y6: 37 | Z6: 12 | AA6: 518 | AB6: 53 | AC6: 84 | AD6: 294 | AE6: 33 | AF6: =AVERAGE(B6:AE6) -> 100.1
A7: MAQUILA ENV 400 CRISTAL 17 GR S.M. PET CAPRI | B7: 16 | C7: 179 | D7: 66 | E7: 22 | F7: 81 | G7: 93 | H7: 167 | I7: 27 | J7: 101 | K7: 93 | L7: 75 | M7: 17 | N7: 37 | O7: 182 | P7: 102 | Q7: 48 | R7: 53 | S7: 82 | T7: 260 | U7: 14 | V7: 169 | W7: 140 | X7: 89 | Y7: 48 | Z7: 81 | AA7: 45 | AB7: 34 | AC7: 52 | AD7: 91 | AE7: 25 | AF7: =AVERAGE(B7:AE7) -> 82.966667
A8: MAQUILA ENV 1000 PET CAPRI NUEVO 31 GR TRANSP SM | B8: 94 | C8: 17 | D8: 21 | E8: 21 | F8: 41 | G8: 18 | H8: 30 | I8: 13 | J8: 57 | K8: 39 | L8: 14 | M8: 64 | N8: 13 | O8: 16 | P8: 29 | Q8: 32 | R8: 100 | S8: 13 | T8: 67 | U8: 47 | V8: 61 | W8: 26 | X8: 75 | Y8: 63 | Z8: 73 | AA8: 24 | AB8: 25 | AC8: 20 | AD8: 189 | AE8: 36 | AF8: =AVERAGE(B8:AE8) -> 44.6
A9: MAQULA ENVE 335 CM3 PET PETALOIDE TRANS 18 GR | B9: 71 | C9: 25 | D9: 53 | E9: 30 | F9: 106 | G9: 250 | H9: 53 | I9: 172 | J9: 72 | K9: 35 | L9: 43 | M9: 25 | N9: 45 | O9: 17 | P9: 18 | Q9: 39 | R9: 38 | S9: 23 | T9: 35 | U9: 99 | V9: 13 | W9: 47 | X9: 129 | Y9: 79 | Z9: 25 | AA9: 25 | AB9: 34 | AC9: 39 | AD9: 20 | AE9: 16 | AF9: =AVERAGE(B9:AE9) -> 55.866667
A10: TAPA 28 MM CONICA AMARILLA | B10: 13 | C10: 116 | D10: 36 | E10: 34 | F10: 45 | G10: 140 | H10: 16 | I10: 60 | J10: 64 | K10: 12 | L10: 64 | M10: 19 | N10: 15 | O10: 14 | P10: 25 | Q10: 102 | R10: 42 | S10: 19 | T10: 55 | U10: 24 | V10: 114 | W10: 17 | X10: 29 | Y10: 12 | Z10: 39 | AA10: 18 | AB10: 71 | AC10: 18 | AD10: 106 | AE10: 96 | AF10: =AVERAGE(B10:AE10) -> 47.833333
A11: MAQUILA BOTELLA W240 QUALA | B11: 33 | C11: 16 | D11: 44 | E11: 14 | F11: 43 | G11: 20 | H11: 84 | I11: 44 | J11: 21 | K11: 16 | L11: 25 | M11: 76 | N11: 50 | O11: 32 | P11: 15 | Q11: 37 | R11: 110 | S11: 61 | T11: 22 | U11: 18 | V11: 28 | W11: 14 | X11: 24 | Y11: 57 | Z11: 16 | AA11: 28 | AB11: 13 | AC11: 54 | AD11: 46 | AE11: 55 | AF11: =AVERAGE(B11:AE11) -> 37.2
A12: PREFORMA SN 20 GRS CRISTAL | B12: 57 | C12: 46 | D12: 157 | E12: 97 | F12: 45 | G12: 23 | H12: 119 | I12: 159 | J12: 21 | K12: 279 | L12: 16 | M12: 52 | N12: 17 | O12: 83 | P12: 20 | Q12: 145 | R12: 61 | S12: 162 | T12: 59 | U12: 21 | V12: 41 | W12: 21 | X12: 47 | Y12: 159 | Z12: 108 | AA12: 47 | AB12: 17 | AC12: 20 | AD12: 117 | AE12: 90 | AF12: =AVERAGE(B12:AE12) -> 76.866667
A13: TAPA PP ARO DEEP BLUE 90 ML | B13: 16 | C13: 29 | D13: 15 | E13: 24 | F13: 15 | G13: 20 | H13: 20 | I13: 26 | J13: 34 | K13: 23 | L13: 15 | M13: 47 | N13: 39 | O13: 28 | P13: 50 | Q13: 13 | R13: 59 | S13: 15 | T13: 18 | U13: 53 | V13: 24 | W13: 32 | X13: 35 | Y13: 24 | Z13: 95 | AA13: 24 | AB13: 33 | AC13: 76 | AD13: 51 | AE13: 41 | AF13: =AVERAGE(B13:AE13) -> 33.133333
A14: ENVASE 600 BALA ML PET 20 GR | B14: 43 | C14: 19 | D14: 98 | E14: 53 | F14: 58 | G14: 15 | H14: 52 | I14: 183 | J14: 40 | K14: 57 | L14: 57 | M14: 13 | N14: 56 | O14: 21 | P14: 36 | Q14: 76 | R14: 12 | S14: 41 | T14: 81 | U14: 128 | V14: 59 | W14: 182 | X14: 138 | Y14: 40 | Z14: 32 | AA14: 67 | AB14: 42 | AC14: 17 | AD14: 118 | AE14: 12 | AF14: =AVERAGE(B14:AE14) -> 61.533333
... A202: TAPA DETERGENTE AZUL PP | B202: 0 | C202: 0 | D202: 0 | E202: 0 | F202: 0 | G202: 0 | H202: 0 | I202: 0 | J202: 0 | K202: 0 | L202: 0 | M202: 0 | N202: 0 | O202: 0 | P202: 0 | Q202: 0 | R202: 0 | S202: 0 | T202: 0 | U202: 0 | V202: 0 | W202: 0 | X202: 0 | Y202: 0 | Z202: 0 | AA202: 0 | AB202: 0 | AC202: 0 | AD202: 0 | AE202: 0 | AF202: =AVERAGE(B202:AE202) -> 0
B203: 0 | C203: 0 | D203: 0 | E203: 0 | F203: 0 | G203: 0 | H203: 0 | I203: 0 | J203: 0 | K203: 0 | L203: 0 | M203: 0 | N203: 0 | O203: 0 | P203: 0 | Q203: 0 | R203: 0 | S203: 0 | T203: 0 | U203: 0 | V203: 0 | W203: 0 | X203: 0 | Y203: 0 | Z203: 0 | AA203: 0 | AB203: 0 | AC203: 0 | AD203: 0 | AE203: 0

Sheet Datos M8
A1: TIEMPO REGISTRADO EN SEGUNDOS POR UNA UNIDAD DE PRODUCTO
A2: PRODUCTO | B2: Registro 1 | C2: Registro 2 | D2: Registro 3 | E2: Registro 4 | F2: Registro 5 | G2: Registro 6 | H2: Registro 7 | I2: Registro 8 | J2: Registro 9 | K2: Registro 10 | L2: Registro 11 | M2: Registro 12 | N2: Registro 13 | O2: Registro 14 | P2: Registro 15 | Q2: Registro 16 | R2: Registro 17 | S2: Registro 18 | T2: Registro 19 | U2: Registro 20 | V2: Registro 21 | W2: Registro 22 | X2: Registro 23 | Y2: Registro 24 | Z2: Registro 25 | AA2: Registro 26 | AB2: Registro 27 | AC2: Registro 28 | AD2: Registro 29 | AE2: Registro 30 | AF2: Promedio
A3: SOBRETAPA SAVILOE 33M | B3: 0 | C3: 0 | D3: 0 | E3: 0 | F3: 0 | G3: 0 | H3: 0 | I3: 0 | J3: 0 | K3: 0 | L3: 0 | M3: 0 | N3: 0 | O3: 0 | P3: 0 | Q3: 0 | R3: 0 | S3: 0 | T3: 0 | U3: 0 | V3: 0 | W3: 0 | X3: 0 | Y3: 0 | Z3: 0 | AA3: 0 | AB3: 0 | AC3: 0 | AD3: 0 | AE3: 0 | AF3: =AVERAGE(B3:AE3) -> 0
A4: MAQUILA ENV 1700 TRANSP CAPRI GEN.NUEVO 41 GR SM | B4: 28 | C4: 30 | D4: 102 | E4: 115 | F4: 65 | G4: 96 | H4: 83 | I4: 42 | J4: 28 | K4: 113 | L4: 148 | M4: 65 | N4: 27 | O4: 14 | P4: 92 | Q4: 101 | R4: 31 | S4: 36 | T4: 55 | U4: 46 | V4: 42 | W4: 46 | X4: 38 | Y4: 112 | Z4: 17 | AA4: 24 | AB4: 36 | AC4: 21 | AD4: 64 | AE4: 57 | AF4: =AVERAGE(B4:AE4) -> 59.133333
A5: MAQUILA ENV 400 CRISTAL 19 GR S.M. PET CAPRI | B5: 169 | C5: 29 | D5: 353 | E5: 14 | F5: 44 | G5: 40 | H5: 151 | I5: 153 | J5: 46 | K5: 37 | L5: 216 | M5: 124 | N5: 121 | O5: 23 | P5: 12 | Q5: 143 | R5: 160 | S5: 154 | T5: 197 | U5: 67 | V5: 48 | W5: 57 | X5: 102 | Y5: 49 | Z5: 24 | AA5: 36 | AB5: 52 | AC5: 43 | AD5: 53 | AE5: 48 | AF5: =AVERAGE(B5:AE5) -> 92.166667
A6: SOBRETAPA VV VERDE SF QUALA | B6: 12 | C6: 22 | D6: 19 | E6: 69 | F6: 155 | G6: 26 | H6: 21 | I6: 54 | J6: 80 | K6: 64 | L6: 18 | M6: 17 | N6: 14 | O6: 25 | P6: 17 | Q6: 145 | R6: 12 | S6: 88 | T6: 63 | U6: 47 | V6: 56 | W6: 84 | X6: 26 | Y6: 121 | Z6: 33 | AA6: 13 | AB6: 13 | AC6: 42 | AD6: 89 | AE6: 15 | AF6: =AVERAGE(B6:AE6) -> 48.666667
A7: MAQUILA ENV 400 CRISTAL 17 GR S.M. PET CAPRI | B7: 14 | C7: 68 | D7: 29 | E7: 40 | F7: 35 | G7: 62 | H7: 23 | I7: 27 | J7: 17 | K7: 53 | L7: 98 | M7: 63 | N7: 66 | O7: 42 | P7: 15 | Q7: 48 | R7: 24 | S7: 33 | T7: 63 | U7: 31 | V7: 22 | W7: 17 | X7: 35 | Y7: 13 | Z7: 47 | AA7: 60 | AB7: 13 | AC7: 39 | AD7: 16 | AE7: 40 | AF7: =AVERAGE(B7:AE7) -> 38.433333
A8: MAQUILA ENV 1000 PET CAPRI NUEVO 31 GR TRANSP SM | B8: 61 | C8: 29 | D8: 42 | E8: 31 | F8: 39 | G8: 26 | H8: 52 | I8: 17 | J8: 21 | K8: 20 | L8: 14 | M8: 29 | N8: 19 | O8: 12 | P8: 85 | Q8: 24 | R8: 51 | S8: 34 | T8: 28 | U8: 19 | V8: 166 | W8: 39 | X8: 76 | Y8: 20 | Z8: 37 | AA8: 20 | AB8: 20 | AC8: 23 | AD8: 89 | AE8: 41 | AF8: =AVERAGE(B8:AE8) -> 39.466667
A9: MAQULA ENVE 335 CM3 PET PETALOIDE TRANS 18 GR | B9: 41 | C9: 58 | D9: 171 | E9: 72 | F9: 53 | G9: 60 | H9: 149 | I9: 78 | J9: 42 | K9: 23 | L9: 39 | M9: 15 | N9: 35 | O9: 22 | P9: 20 | Q9: 13 | R9: 71 | S9: 35 | T9: 105 | U9: 12 | V9: 84 | W9: 24 | X9: 36 | Y9: 206 | Z9: 31 | AA9: 227 | AB9: 28 | AC9: 99 | AD9: 29 | AE9: 69 | AF9: =AVERAGE(B9:AE9) -> 64.9
A10: TAPA 28 MM CONICA AMARILLA | B10: 32 | C10: 42 | D10: 60 | E10: 16 | F10: 95 | G10: 20 | H10: 19 | I10: 31 | J10: 76 | K10: 47 | L10: 169 | M10: 27 | N10: 43 | O10: 45 | P10: 31 | Q10: 22 | R10: 48 | S10: 73 | T10: 36 | U10: 60 | V10: 234 | W10: 69 | X10: 45 | Y10: 22 | Z10: 76 | AA10: 36 | AB10: 147 | AC10: 55 | AD10: 42 | AE10: 14 | AF10: =AVERAGE(B10:AE10) -> 57.733333
A11: MAQUILA BOTELLA W240 QUALA | B11: 109 | C11: 28 | D11: 12 | E11: 23 | F11: 43 | G11: 12 | H11: 16 | I11: 36 | J11: 78 | K11: 23 | L11: 26 | M11: 18 | N11: 51 | O11: 35 | P11: 61 | Q11: 29 | R11: 59 | S11: 22 | T11: 24 | U11: 60 | V11: 16 | W11: 101 | X11: 70 | Y11: 85 | Z11: 34 | AA11: 94 | AB11: 193 | AC11: 60 | AD11: 219 | AE11: 197 | AF11: =AVERAGE(B11:AE11) -> 61.133333
A12: PREFORMA SN 20 GRS CRISTAL | B12: 0 | C12: 0 | D12: 0 | E12: 0 | F12: 0 | G12: 0 | H12: 0 | I12: 0 | J12: 0 | K12: 0 | L12: 0 | M12: 0 | N12: 0 | O12: 0 | P12: 0 | Q12: 0 | R12: 0 | S12: 0 | T12: 0 | U12: 0 | V12: 0 | W12: 0 | X12: 0 | Y12: 0 | Z12: 0 | AA12: 0 | AB12: 0 | AC12: 0 | AD12: 0 | AE12: 0 | AF12: =AVERAGE(B12:AE12) -> 0
A13: TAPA PP ARO DEEP BLUE 90 ML | B13: 22 | C13: 15 | D13: 27 | E13: 23 | F13: 25 | G13: 54 | H13: 115 | I13: 39 | J13: 47 | K13: 19 | L13: 40 | M13: 69 | N13: 135 | O13: 42 | P13: 21 | Q13: 61 | R13: 85 | S13: 39 | T13: 36 | U13: 87 | V13: 113 | W13: 16 | X13: 20 | Y13: 103 | Z13: 24 | AA13: 30 | AB13: 25 | AC13: 148 | AD13: 39 | AE13: 75 | AF13: =AVERAGE(B13:AE13) -> 53.133333
A14: ENVASE 600 BALA ML PET 20 GR | B14: 58 | C14: 57 | D14: 33 | E14: 22 | F14: 57 | G14: 44 | H14: 102 | I14: 35 | J14: 55 | K14: 46 | L14: 79 | M14: 45 | N14: 17 | O14: 65 | P14: 19 | Q14: 45 | R14: 18 | S14: 15 | T14: 47 | U14: 47 | V14: 53 | W14: 129 | X14: 21 | Y14: 13 | Z14: 17 | AA14: 46 | AB14: 74 | AC14: 27 | AD14: 39 | AE14: 19 | AF14: =AVERAGE(B14:AE14) -> 44.8
... A202: TAPA DETERGENTE AZUL PP | B202: 29 | C202: 72 | D202: 61 | E202: 107 | F202: 15 | G202: 72 | H202: 30 | I202: 43 | J202: 126 | K202: 140 | L202: 101 | M202: 55 | N202: 234 | O202: 79 | P202: 53 | Q202: 17 | R202: 150 | S202: 72 | T202: 32 | U202: 37 | V202: 19 | W202: 27 | X202: 118 | Y202: 19 | Z202: 56 | AA202: 14 | AB202: 81 | AC202: 50 | AD202: 54 | AE202: 105 | AF202: =AVERAGE(B202:AE202) -> 68.933333
B203: 13 | C203: 22 | D203: 52 | E203: 53 | F203: 66 | G203: 132 | H203: 16 | I203: 35 | J203: 140 | K203: 24 | L203: 33 | M203: 16 | N203: 94 | O203: 24 | P203: 49 | Q203: 88 | R203: 44 | S203: 95 | T203: 106 | U203: 87 | V203: 55 | W203: 123 | X203: 21 | Y203: 34 | Z203: 13 | AA203: 204 | AB203: 153 | AC203: 30 | AD203: 58 | AE203: 70

Sheet Datos M9
A1: TIEMPO REGISTRADO EN SEGUNDOS POR UNA UNIDAD DE PRODUCTO
A2: PRODUCTO | B2: Registro 1 | C2: Registro 2 | D2: Registro 3 | E2: Registro 4 | F2: Registro 5 | G2: Registro 6 | H2: Registro 7 | I2: Registro 8 | J2: Registro 9 | K2: Registro 10 | L2: Registro 11 | M2: Registro 12 | N2: Registro 13 | O2: Registro 14 | P2: Registro 15 | Q2: Registro 16 | R2: Registro 17 | S2: Registro 18 | T2: Registro 19 | U2: Registro 20 | V2: Registro 21 | W2: Registro 22 | X2: Registro 23 | Y2: Registro 24 | Z2: Registro 25 | AA2: Registro 26 | AB2: Registro 27 | AC2: Registro 28 | AD2: Registro 29 | AE2: Registro 30 | AF2: Promedio
A3: SOBRETAPA SAVILOE 33M | B3: 128 | C3: 139 | D3: 121 | E3: 48 | F3: 60 | G3: 76 | H3: 17 | I3: 26 | J3: 18 | K3: 32 | L3: 135 | M3: 59 | N3: 35 | O3: 52 | P3: 14 | Q3: 30 | R3: 12 | S3: 17 | T3: 50 | U3: 24 | V3: 18 | W3: 151 | X3: 16 | Y3: 22 | Z3: 24 | AA3: 23 | AB3: 16 | AC3: 60 | AD3: 51 | AE3: 57 | AF3: =AVERAGE(B3:AE3) -> 51.033333
A4: MAQUILA ENV 1700 TRANSP CAPRI GEN.NUEVO 41 GR SM | B4: 74 | C4: 88 | D4: 65 | E4: 52 | F4: 64 | G4: 79 | H4: 21 | I4: 194 | J4: 27 | K4: 68 | L4: 58 | M4: 90 | N4: 70 | O4: 105 | P4: 131 | Q4: 143 | R4: 26 | S4: 94 | T4: 152 | U4: 64 | V4: 84 | W4: 16 | X4: 40 | Y4: 39 | Z4: 92 | AA4: 199 | AB4: 39 | AC4: 32 | AD4: 13 | AE4: 133 | AF4: =AVERAGE(B4:AE4) -> 78.4
A5: MAQUILA ENV 400 CRISTAL 19 GR S.M. PET CAPRI | B5: 0 | C5: 0 | D5: 0 | E5: 0 | F5: 0 | G5: 0 | H5: 0 | I5: 0 | J5: 0 | K5: 0 | L5: 0 | M5: 0 | N5: 0 | O5: 0 | P5: 0 | Q5: 0 | R5: 0 | S5: 0 | T5: 0 | U5: 0 | V5: 0 | W5: 0 | X5: 0 | Y5: 0 | Z5: 0 | AA5: 0 | AB5: 0 | AC5: 0 | AD5: 0 | AE5: 0 | AF5: =AVERAGE(B5:AE5) -> 0
A6: SOBRETAPA VV VERDE SF QUALA | B6: 16 | C6: 13 | D6: 12 | E6: 52 | F6: 51 | G6: 39 | H6: 18 | I6: 45 | J6: 16 | K6: 30 | L6: 53 | M6: 79 | N6: 26 | O6: 51 | P6: 24 | Q6: 29 | R6: 21 | S6: 66 | T6: 17 | U6: 13 | V6: 13 | W6: 15 | X6: 50 | Y6: 41 | Z6: 24 | AA6: 16 | AB6: 46 | AC6: 37 | AD6: 39 | AE6: 26 | AF6: =AVERAGE(B6:AE6) -> 32.6
A7: MAQUILA ENV 400 CRISTAL 17 GR S.M. PET CAPRI | B7: 25 | C7: 164 | D7: 105 | E7: 49 | F7: 94 | G7: 34 | H7: 97 | I7: 128 | J7: 109 | K7: 159 | L7: 21 | M7: 141 | N7: 60 | O7: 60 | P7: 54 | Q7: 75 | R7: 34 | S7: 75 | T7: 156 | U7: 70 | V7: 55 | W7: 40 | X7: 59 | Y7: 34 | Z7: 205 | AA7: 67 | AB7: 148 | AC7: 124 | AD7: 14 | AE7: 98 | AF7: =AVERAGE(B7:AE7) -> 85.133333
A8: MAQUILA ENV 1000 PET CAPRI NUEVO 31 GR TRANSP SM | B8: 14 | C8: 29 | D8: 31 | E8: 89 | F8: 35 | G8: 83 | H8: 51 | I8: 14 | J8: 15 | K8: 58 | L8: 43 | M8: 35 | N8: 13 | O8: 100 | P8: 31 | Q8: 28 | R8: 267 | S8: 24 | T8: 30 | U8: 30 | V8: 16 | W8: 20 | X8: 22 | Y8: 20 | Z8: 100 | AA8: 57 | AB8: 12 | AC8: 100 | AD8: 41 | AE8: 19 | AF8: =AVERAGE(B8:AE8) -> 47.566667
A9: MAQULA ENVE 335 CM3 PET PETALOIDE TRANS 18 GR | B9: 14 | C9: 18 | D9: 32 | E9: 18 | F9: 19 | G9: 35 | H9: 61 | I9: 27 | J9: 52 | K9: 14 | L9: 36 | M9: 42 | N9: 66 | O9: 43 | P9: 21 | Q9: 34 | R9: 13 | S9: 29 | T9: 12 | U9: 28 | V9: 73 | W9: 36 | X9: 53 | Y9: 15 | Z9: 15 | AA9: 17 | AB9: 32 | AC9: 79 | AD9: 144 | AE9: 56 | AF9: =AVERAGE(B9:AE9) -> 37.8
A10: TAPA 28 MM CONICA AMARILLA | B10: 88 | C10: 18 | D10: 30 | E10: 57 | F10: 40 | G10: 50 | H10: 25 | I10: 124 | J10: 77 | K10: 22 | L10: 12 | M10: 19 | N10: 89 | O10: 12 | P10: 23 | Q10: 16 | R10: 18 | S10: 20 | T10: 71 | U10: 12 | V10: 115 | W10: 27 | X10: 24 | Y10: 14 | Z10: 31 | AA10: 49 | AB10: 22 | AC10: 24 | AD10: 34 | AE10: 15 | AF10: =AVERAGE(B10:AE10) -> 39.266667
A11: MAQUILA BOTELLA W240 QUALA | B11: 17 | C11: 49 | D11: 19 | E11: 48 | F11: 48 | G11: 29 | H11: 176 | I11: 59 | J11: 25 | K11: 124 | L11: 71 | M11: 27 | N11: 54 | O11: 14 | P11: 43 | Q11: 21 | R11: 35 | S11: 28 | T11: 30 | U11: 88 | V11: 99 | W11: 69 | X11: 34 | Y11: 32 | Z11: 24 | AA11: 40 | AB11: 16 | AC11: 65 | AD11: 34 | AE11: 37 | AF11: =AVERAGE(B11:AE11) -> 48.5
A12: PREFORMA SN 20 GRS CRISTAL | B12: 16 | C12: 32 | D12: 70 | E12: 55 | F12: 16 | G12: 25 | H12: 12 | I12: 25 | J12: 113 | K12: 38 | L12: 12 | M12: 27 | N12: 14 | O12: 31 | P12: 49 | Q12: 33 | R12: 40 | S12: 24 | T12: 13 | U12: 37 | V12: 21 | W12: 34 | X12: 45 | Y12: 34 | Z12: 20 | AA12: 61 | AB12: 20 | AC12: 20 | AD12: 13 | AE12: 33 | AF12: =AVERAGE(B12:AE12) -> 32.766667
A13: TAPA PP ARO DEEP BLUE 90 ML | B13: 16 | C13: 82 | D13: 12 | E13: 31 | F13: 54 | G13: 28 | H13: 25 | I13: 14 | J13: 20 | K13: 17 | L13: 32 | M13: 12 | N13: 31 | O13: 48 | P13: 24 | Q13: 25 | R13: 26 | S13: 12 | T13: 23 | U13: 48 | V13: 21 | W13: 29 | X13: 17 | Y13: 41 | Z13: 75 | AA13: 40 | AB13: 21 | AC13: 12 | AD13: 38 | AE13: 15 | AF13: =AVERAGE(B13:AE13) -> 29.633333
A14: ENVASE 600 BALA ML PET 20 GR | B14: 56 | C14: 105 | D14: 20 | E14: 38 | F14: 28 | G14: 111 | H14: 25 | I14: 38 | J14: 27 | K14: 115 | L14: 90 | M14: 81 | N14: 24 | O14: 95 | P14: 13 | Q14: 23 | R14: 114 | S14: 125 | T14: 64 | U14: 16 | V14: 12 | W14: 20 | X14: 77 | Y14: 65 | Z14: 119 | AA14: 28 | AB14: 235 | AC14: 40 | AD14: 18 | AE14: 101 | AF14: =AVERAGE(B14:AE14) -> 64.1
... A202: TAPA DETERGENTE AZUL PP | B202: 59 | C202: 25 | D202: 45 | E202: 61 | F202: 17 | G202: 46 | H202: 57 | I202: 36 | J202: 22 | K202: 66 | L202: 24 | M202: 19 | N202: 14 | O202: 25 | P202: 42 | Q202: 20 | R202: 15 | S202: 32 | T202: 92 | U202: 12 | V202: 39 | W202: 14 | X202: 30 | Y202: 63 | Z202: 65 | AA202: 32 | AB202: 64 | AC202: 14 | AD202: 99 | AE202: 180 | AF202: =AVERAGE(B202:AE202) -> 44.3
B203: 0 | C203: 0 | D203: 0 | E203: 0 | F203: 0 | G203: 0 | H203: 0 | I203: 0 | J203: 0 | K203: 0 | L203: 0 | M203: 0 | N203: 0 | O203: 0 | P203: 0 | Q203: 0 | R203: 0 | S203: 0 | T203: 0 | U203: 0 | V203: 0 | W203: 0 | X203: 0 | Y203: 0 | Z203: 0 | AA203: 0 | AB203: 0 | AC203: 0 | AD203: 0 | AE203: 0

Sheet Datos M10
A1: TIEMPO REGISTRADO EN SEGUNDOS POR UNA UNIDAD DE PRODUCTO
A2: PRODUCTO | B2: Registro 1 | C2: Registro 2 | D2: Registro 3 | E2: Registro 4 | F2: Registro 5 | G2: Registro 6 | H2: Registro 7 | I2: Registro 8 | J2: Registro 9 | K2: Registro 10 | L2: Registro 11 | M2: Registro 12 | N2: Registro 13 | O2: Registro 14 | P2: Registro 15 | Q2: Registro 16 | R2: Registro 17 | S2: Registro 18 | T2: Registro 19 | U2: Registro 20 | V2: Registro 21 | W2: Registro 22 | X2: Registro 23 | Y2: Registro 24 | Z2: Registro 25 | AA2: Registro 26 | AB2: Registro 27 | AC2: Registro 28 | AD2: Registro 29 | AE2: Registro 30 | AF2: Promedio
A3: SOBRETAPA SAVILOE 33M | B3: 67 | C3: 46 | D3: 38 | E3: 17 | F3: 32 | G3: 17 | H3: 109 | I3: 41 | J3: 66 | K3: 198 | L3: 39 | M3: 39 | N3: 81 | O3: 19 | P3: 37 | Q3: 16 | R3: 39 | S3: 68 | T3: 45 | U3: 97 | V3: 12 | W3: 77 | X3: 40 | Y3: 27 | Z3: 12 | AA3: 102 | AB3: 141 | AC3: 38 | AD3: 42 | AE3: 33 | AF3: =AVERAGE(B3:AE3) -> 54.5
A4: MAQUILA ENV 1700 TRANSP CAPRI GEN.NUEVO 41 GR SM | B4: 29 | C4: 42 | D4: 16 | E4: 51 | F4: 72 | G4: 62 | H4: 27 | I4: 13 | J4: 20 | K4: 25 | L4: 13 | M4: 26 | N4: 34 | O4: 28 | P4: 36 | Q4: 132 | R4: 40 | S4: 41 | T4: 81 | U4: 41 | V4: 44 | W4: 34 | X4: 14 | Y4: 52 | Z4: 13 | AA4: 41 | AB4: 15 | AC4: 15 | AD4: 71 | AE4: 13 | AF4: =AVERAGE(B4:AE4) -> 38.033333
A5: MAQUILA ENV 400 CRISTAL 19 GR S.M. PET CAPRI | B5: 54 | C5: 44 | D5: 53 | E5: 27 | F5: 28 | G5: 46 | H5: 20 | I5: 59 | J5: 173 | K5: 15 | L5: 15 | M5: 45 | N5: 24 | O5: 22 | P5: 198 | Q5: 20 | R5: 109 | S5: 22 | T5: 33 | U5: 55 | V5: 32 | W5: 30 | X5: 79 | Y5: 32 | Z5: 59 | AA5: 100 | AB5: 66 | AC5: 28 | AD5: 20 | AE5: 104 | AF5: =AVERAGE(B5:AE5) -> 53.733333
A6: SOBRETAPA VV VERDE SF QUALA | B6: 32 | C6: 29 | D6: 25 | E6: 105 | F6: 64 | G6: 19 | H6: 24 | I6: 40 | J6: 28 | K6: 14 | L6: 15 | M6: 34 | N6: 14 | O6: 55 | P6: 17 | Q6: 162 | R6: 28 | S6: 43 | T6: 28 | U6: 35 | V6: 25 | W6: 102 | X6: 150 | Y6: 27 | Z6: 65 | AA6: 14 | AB6: 20 | AC6: 26 | AD6: 33 | AE6: 13 | AF6: =AVERAGE(B6:AE6) -> 42.866667
A7: MAQUILA ENV 400 CRISTAL 17 GR S.M. PET CAPRI | B7: 72 | C7: 36 | D7: 13 | E7: 20 | F7: 12 | G7: 39 | H7: 106 | I7: 46 | J7: 79 | K7: 22 | L7: 15 | M7: 60 | N7: 26 | O7: 26 | P7: 25 | Q7: 41 | R7: 35 | S7: 81 | T7: 29 | U7: 44 | V7: 15 | W7: 22 | X7: 24 | Y7: 39 | Z7: 108 | AA7: 44 | AB7: 122 | AC7: 100 | AD7: 29 | AE7: 65 | AF7: =AVERAGE(B7:AE7) -> 46.5
A8: MAQUILA ENV 1000 PET CAPRI NUEVO 31 GR TRANSP SM | B8: 14 | C8: 20 | D8: 32 | E8: 84 | F8: 72 | G8: 160 | H8: 107 | I8: 58 | J8: 61 | K8: 19 | L8: 101 | M8: 52 | N8: 13 | O8: 22 | P8: 162 | Q8: 30 | R8: 39 | S8: 21 | T8: 32 | U8: 13 | V8: 68 | W8: 45 | X8: 76 | Y8: 44 | Z8: 42 | AA8: 67 | AB8: 83 | AC8: 27 | AD8: 60 | AE8: 59 | AF8: =AVERAGE(B8:AE8) -> 56.1
A9: MAQULA ENVE 335 CM3 PET PETALOIDE TRANS 18 GR | B9: 53 | C9: 18 | D9: 18 | E9: 34 | F9: 85 | G9: 29 | H9: 15 | I9: 102 | J9: 14 | K9: 50 | L9: 66 | M9: 17 | N9: 24 | O9: 19 | P9: 54 | Q9: 16 | R9: 12 | S9: 91 | T9: 29 | U9: 40 | V9: 18 | W9: 13 | X9: 90 | Y9: 21 | Z9: 16 | AA9: 106 | AB9: 109 | AC9: 48 | AD9: 95 | AE9: 14 | AF9: =AVERAGE(B9:AE9) -> 43.866667
A10: TAPA 28 MM CONICA AMARILLA | B10: 156 | C10: 29 | D10: 94 | E10: 33 | F10: 163 | G10: 99 | H10: 63 | I10: 42 | J10: 21 | K10: 80 | L10: 26 | M10: 54 | N10: 49 | O10: 55 | P10: 50 | Q10: 80 | R10: 69 | S10: 72 | T10: 62 | U10: 20 | V10: 15 | W10: 22 | X10: 20 | Y10: 51 | Z10: 45 | AA10: 16 | AB10: 75 | AC10: 71 | AD10: 63 | AE10: 82 | AF10: =AVERAGE(B10:AE10) -> 59.233333
A11: MAQUILA BOTELLA W240 QUALA | B11: 36 | C11: 63 | D11: 13 | E11: 160 | F11: 36 | G11: 51 | H11: 17 | I11: 17 | J11: 15 | K11: 63 | L11: 34 | M11: 58 | N11: 52 | O11: 18 | P11: 15 | Q11: 95 | R11: 12 | S11: 86 | T11: 42 | U11: 20 | V11: 26 | W11: 45 | X11: 52 | Y11: 34 | Z11: 16 | AA11: 26 | AB11: 26 | AC11: 91 | AD11: 54 | AE11: 118 | AF11: =AVERAGE(B11:AE11) -> 46.366667
A12: PREFORMA SN 20 GRS CRISTAL | B12: 115 | C12: 58 | D12: 158 | E12: 54 | F12: 12 | G12: 60 | H12: 18 | I12: 16 | J12: 15 | K12: 33 | L12: 12 | M12: 34 | N12: 16 | O12: 18 | P12: 28 | Q12: 25 | R12: 84 | S12: 129 | T12: 41 | U12: 18 | V12: 56 | W12: 23 | X12: 37 | Y12: 259 | Z12: 12 | AA12: 38 | AB12: 15 | AC12: 38 | AD12: 135 | AE12: 79 | AF12: =AVERAGE(B12:AE12) -> 54.533333
A13: TAPA PP ARO DEEP BLUE 90 ML | B13: 24 | C13: 27 | D13: 23 | E13: 24 | F13: 25 | G13: 35 | H13: 19 | I13: 17 | J13: 56 | K13: 57 | L13: 67 | M13: 129 | N13: 50 | O13: 54 | P13: 89 | Q13: 27 | R13: 24 | S13: 44 | T13: 40 | U13: 53 | V13: 72 | W13: 147 | X13: 24 | Y13: 22 | Z13: 14 | AA13: 29 | AB13: 24 | AC13: 24 | AD13: 13 | AE13: 24 | AF13: =AVERAGE(B13:AE13) -> 42.566667
A14: ENVASE 600 BALA ML PET 20 GR | B14: 42 | C14: 20 | D14: 132 | E14: 36 | F14: 17 | G14: 65 | H14: 100 | I14: 15 | J14: 26 | K14: 12 | L14: 64 | M14: 131 | N14: 64 | O14: 22 | P14: 42 | Q14: 13 | R14: 13 | S14: 43 | T14: 41 | U14: 77 | V14: 111 | W14: 28 | X14: 57 | Y14: 25 | Z14: 19 | AA14: 64 | AB14: 79 | AC14: 45 | AD14: 29 | AE14: 14 | AF14: =AVERAGE(B14:AE14) -> 48.2
... A202: TAPA DETERGENTE AZUL PP | B202: 50 | C202: 28 | D202: 101 | E202: 38 | F202: 26 | G202: 45 | H202: 38 | I202: 65 | J202: 58 | K202: 30 | L202: 102 | M202: 26 | N202: 59 | O202: 93 | P202: 36 | Q202: 19 | R202: 46 | S202: 24 | T202: 30 | U202: 34 | V202: 209 | W202: 26 | X202: 56 | Y202: 69 | Z202: 27 | AA202: 89 | AB202: 22 | AC202: 116 | AD202: 19 | AE202: 50 | AF202: =AVERAGE(B202:AE202) -> 54.366667
B203: 15 | C203: 95 | D203: 30 | E203: 14 | F203: 60 | G203: 34 | H203: 54 | I203: 22 | J203: 25 | K203: 33 | L203: 57 | M203: 32 | N203: 43 | O203: 54 | P203: 16 | Q203: 12 | R203: 19 | S203: 31 | T203: 97 | U203: 25 | V203: 72 | W203: 38 | X203: 22 | Y203: 34 | Z203: 29 | AA203: 19 | AB203: 17 | AC203: 210 | AD203: 28 | AE203: 22
